Nome;Classe;Codgio;TipodeAtivo;PaisSede;Status;SetorEconomatica;SetorNAICS
Ambev S/A;ON;ABEV3;Acao;BR;ativo;Alimentos e Beb;Industria de bebidas
Abyara;ON;ABYA3;Acao;BR;cancelado;Construcao;Construcao e empreendimentos imobiliarios
Am Inox BR;ON;ACES3;Acao;BR;cancelado;Siderur & Metalur;Transformacao de aco em produtos de aco
Am Inox BR;PN;ACES4;Acao;BR;cancelado;Siderur & Metalur;Transformacao de aco em produtos de aco
Guarani;ON;ACGU3;Acao;BR;cancelado;Alimentos e Beb;Industria de acucar e produtos de confeitaria
AES Elpa;ON;AELP3;Acao;BR;ativo;Energia Eletrica;Geracao, transmissao e distribuicao de energia eletrica
AES Sul;ON;AESL3;Acao;BR;cancelado;Energia Eletrica;Geracao, transmissao e distribuicao de energia eletrica
AES Sul;PN;AESL4;Acao;BR;cancelado;Energia Eletrica;Geracao, transmissao e distribuicao de energia eletrica
Afluente T;ON;AFLT3;Acao;BR;ativo;Energia Eletrica;Empresa de eletricidade, gas e agua
Afluente;ON;AFLU3;Acao;BR;ativo;Energia Eletrica;Geracao, transmissao e distribuicao de energia eletrica
Afluente;PNA;AFLU5;Acao;BR;ativo;Energia Eletrica;Geracao, transmissao e distribuicao de energia eletrica
Afluente;PNB;AFLU6;Acao;BR;ativo;Energia Eletrica;Geracao, transmissao e distribuicao de energia eletrica
Agre Emp Imo;ON;AGEI3;Acao;BR;cancelado;Construcao;Construcao de edificios residenciais
Agra Incorp;ON;AGIN3;Acao;BR;cancelado;Construcao;Construcao de edificios residenciais
Agrale;PN;AGRA4;Acao;BR;cancelado;Maquinas Indust;Industria de maquinas agricolas, de construcao e mineracao
Brasilagro;ON;AGRO3;Acao;BR;ativo;Agro e Pesca;Agricultura
Albarus;ON;ALBA3;Acao;BR;cancelado;Veiculos e pecas;Industria de autopecas
All Amer Lat;UNT N2;ALLL11;Acao;BR;cancelado;Transporte Servic;Transporte ferroviario
All Amer Lat;ON;ALLL3;Acao;BR;ativo;Transporte Servic;Transporte ferroviario
All Amer Lat;PN;ALLL4;Acao;BR;cancelado;Transporte Servic;Transporte ferroviario
Alpargatas;ON;ALPA3;Acao;BR;ativo;Textil;Industria de calcados
Alpargatas;PN;ALPA4;Acao;BR;ativo;Textil;Industria de calcados
Altus S/A;ON;ALTS3;Acao;BR;ativo;Siderur & Metalur;Industria de produtos de metal
Altus S/A;PN;ALTS4;Acao;BR;ativo;Siderur & Metalur;Industria de produtos de metal
Alupar;UNT N2;ALUP11;Acao;BR;ativo;Energia Eletrica;Geracao, transmissao e distribuicao de energia eletrica
Alupar;ON;ALUP3;Acao;BR;ativo;Energia Eletrica;Geracao, transmissao e distribuicao de energia eletrica
Alupar;PN;ALUP4;Acao;BR;ativo;Energia Eletrica;Geracao, transmissao e distribuicao de energia eletrica
Lojas Marisa;ON;AMAR3;Acao;BR;ativo;Comercio;Loja de roupas
Ambev S/A;PN;AMBV4-Old;Acao;BR;cancelado;Alimentos e Beb;Industria de bebidas
Amelco;PN;AMLC4;Acao;BR;cancelado;Eletroeletronicos;Industria de computadores e produtos eletronicos
Ampla Invest;ON;AMPI3;Acao;BR;cancelado;Energia Eletrica;Geracao, transmissao e distribuicao de energia eletrica
Geodex;PNE;AMRI11;Acao;BR;cancelado;Telecomunicacoes;Telecomunicacoes
Geodex;ON;AMRI3;Acao;BR;cancelado;Telecomunicacoes;Telecomunicacoes
Geodex;PNC;AMRI7;Acao;BR;cancelado;Telecomunicacoes;Telecomunicacoes
Geodex;PND;AMRI8;Acao;BR;cancelado;Telecomunicacoes;Telecomunicacoes
AGconcessoes;ON;ANDG3B;Acao;BR;ativo;Transporte Servic;Atividades auxiliares ao transporte rodoviario
AGconcessoes;PN;ANDG4B;Acao;BR;ativo;Transporte Servic;Atividades auxiliares ao transporte rodoviario
Sid Aconorte;PNA;ANO5;Acao;BR;cancelado;Siderur & Metalur;Transformacao de aco em produtos de aco
Antarctica Pb;ON;ANPB3;Acao;BR;cancelado;Alimentos e Beb;Industria de bebidas
Antarctica Pb;PNA;ANPB5;Acao;BR;cancelado;Alimentos e Beb;Industria de bebidas
Antarctica Paulista;ON;ANTA3;Acao;BR;cancelado;Alimentos e Beb;Industria de bebidas
Antarctica Paulista;PN;ANTA4;Acao;BR;cancelado;Alimentos e Beb;Industria de bebidas
All Ore;ON;AORE3;Acao;BR;ativo;Mineracao;Mineracao de metais
Aliperti;ON;APTI3;Acao;BR;ativo;Siderur & Metalur;Industria de molas e produtos de arame
Aliperti;PN;APTI4;Acao;BR;ativo;Siderur & Metalur;Industria de molas e produtos de arame
Aquatec;PN;AQT4;Acao;BR;cancelado;Quimica;Industria de artigos de limpeza
Arcelor BR;ON;ARCE3;Acao;BR;cancelado;Siderur & Metalur;Transformacao de aco em produtos de aco
Arcelor BR;PN;ARCE4;Acao;BR;cancelado;Siderur & Metalur;Transformacao de aco em produtos de aco
Aracruz;ON;ARCZ3;Acao;BR;cancelado;Papel e Celulose;Industria de papel , celulose e papelao
Aracruz;PNA;ARCZ5;Acao;BR;cancelado;Papel e Celulose;Industria de papel , celulose e papelao
Aracruz;PNB;ARCZ6;Acao;BR;cancelado;Papel e Celulose;Industria de papel , celulose e papelao
Arno;PN;ARNO4;Acao;BR;cancelado;Eletroeletronicos;Industria de eletrodomesticos
Douat Textil;ON;ARPS3;Acao;BR;cancelado;Textil;Industria de tecidos para moveis
Douat Textil;PN;ARPS4;Acao;BR;cancelado;Textil;Industria de tecidos para moveis
Kuala;ON;ARTE3;Acao;BR;cancelado;Textil;Outras industrias de tecidos
Kuala;PN;ARTE4;Acao;BR;cancelado;Textil;Outras industrias de tecidos
Arteris;ON;ARTR3;Acao;BR;ativo;Transporte Servic;Atividades auxiliares ao transporte rodoviario
Arezzo Co;ON;ARZZ3;Acao;BR;ativo;Textil;Industria de calcados
Santistextil;ON;ASTA3;Acao;BR;cancelado;Textil;Tecelagens
Santistextil;PN;ASTA4;Acao;BR;cancelado;Textil;Tecelagens
Arteb;ON;ATBS3;Acao;BR;cancelado;Veiculos e pecas;Industria de autopecas
Autometal;ON;AUTM3;Acao;BR;ativo;Veiculos e pecas;Industria de outros equipamentos de transporte
Acos Vill;ON;AVIL3;Acao;BR;cancelado;Siderur & Metalur;Transformacao de aco em produtos de aco
Acos Vill;PN;AVIL4;Acao;BR;cancelado;Siderur & Metalur;Transformacao de aco em produtos de aco
Azevedo;ON;AZEV3;Acao;BR;ativo;Construcao;Outras construcoes pesadas
Azevedo;PN;AZEV4;Acao;BR;ativo;Construcao;Outras construcoes pesadas
S Gobain Canal;ON;BARB3;Acao;BR;cancelado;Siderur & Metalur;Fundicao
S Gobain Canal;PN;BARB4;Acao;BR;cancelado;Siderur & Metalur;Fundicao
Excelsior;ON;BAUH3;Acao;BR;ativo;Alimentos e Beb;Outras industrias de alimentos
Excelsior;PN;BAUH4;Acao;BR;ativo;Alimentos e Beb;Outras industrias de alimentos
Bardella;ON;BDLL3;Acao;BR;ativo;Maquinas Indust;Industria de maquinas agricolas, de construcao e mineracao
Bardella;PN;BDLL4;Acao;BR;ativo;Maquinas Indust;Industria de maquinas agricolas, de construcao e mineracao
Minerva;ON;BEEF3;Acao;BR;ativo;Alimentos e Beb;Abatedouros
Bematech;ON;BEMA3;Acao;BR;ativo;Eletroeletronicos;Industria de computadores e produtos eletronicos
Spscs Industrial;PN;BFCV4;Acao;BR;cancelado;Veiculos e pecas;Industria de carrocerias e trailers
Bahema Equipament;PN;BHEQ4;Acao;BR;cancelado;Comercio;Loja de materiais para construcao
Biobras;PN;BIOB4;Acao;BR;cancelado;Quimica;Industria de remedios
Brookfield;ON;BISA3;Acao;BR;ativo;Construcao;Construcao de edificios residenciais
Bic Monark;ON;BMKS3;Acao;BR;ativo;Veiculos e pecas;Industria de outros equipamentos de transporte
Brasmotor;ON;BMTO3;Acao;BR;ativo;Eletroeletronicos;Industria de eletrodomesticos
Brasmotor;PN;BMTO4;Acao;BR;ativo;Eletroeletronicos;Industria de eletrodomesticos
Bonaire Part;ON;BNPA3B;Acao;BR;cancelado;Energia Eletrica;Empresa de eletricidade, gas e agua
Bombril;ON;BOBR3;Acao;BR;ativo;Quimica;Industria de artigos de limpeza
Bombril;PN;BOBR4;Acao;BR;ativo;Quimica;Industria de artigos de limpeza
Bompreco;PN;BPCO4;Acao;BR;cancelado;Comercio;Outras lojas de mercadorias variadas
BR Pharma;ON;BPHA3;Acao;BR;ativo;Comercio;Loja de artigos para saude e cuidados pessoais
Brasperola;PNA;BPLA5;Acao;BR;cancelado;Textil;Tecelagens
Petrobras Distrib;PN;BRDT4;Acao;BR;cancelado;Petroleo e Gas;Comercio atacadista de petroleo e produtos de petroleo
BRF SA;ON;BRFS3;Acao;BR;ativo;Alimentos e Beb;Abatedouros
Braskem;ON;BRKM3;Acao;BR;ativo;Quimica;Industria quimica
Braskem;PNA;BRKM5;Acao;BR;ativo;Quimica;Industria quimica
Braskem;PNB;BRKM6;Acao;BR;ativo;Quimica;Industria quimica
Brasil T Par;ON;BRTP3;Acao;BR;cancelado;Telecomunicacoes;Telecomunicacoes
Brasil T Par;PN;BRTP4;Acao;BR;cancelado;Telecomunicacoes;Telecomunicacoes
Brumadinho;PN;BRUM4;Acao;BR;cancelado;Mineracao;Extracao de minerais nao metalicos
Biosev;ON;BSEV3;Acao;BR;ativo;Agro e Pesca;Agricultura
Bahia Sul;PNA;BSUL5;Acao;BR;cancelado;Papel e Celulose;Industria de papel , celulose e papelao
Beta;PNA;BTAS5;Acao;BR;cancelado;Eletroeletronicos;Industria de equipamentos de navegacao, medicao, controle e eletromedicos
B2W Digital;ON;BTOW3;Acao;BR;ativo;Comercio;Vendas por correio ou meio eletronico
Battistella;ON;BTTL3;Acao;BR;ativo;Comercio;Concessionarias de outros veiculos motorizados
Battistella;PN;BTTL4;Acao;BR;ativo;Comercio;Concessionarias de outros veiculos motorizados
Buettner;ON;BUET3;Acao;BR;ativo;Textil;Industria de roupas de tecido
Buettner;PN;BUET4;Acao;BR;ativo;Textil;Industria de roupas de tecido
Casa Anglo;PN;CABR4;Acao;BR;cancelado;Comercio;Loja de departamentos
Caf Brasilia;ON;CAFE3;Acao;BR;ativo;Alimentos e Beb;Moinho de graos
Caf Brasilia;PN;CAFE4;Acao;BR;ativo;Alimentos e Beb;Moinho de graos
Dommo Empr;ON;CALA3B;Acao;BR;cancelado;-;-
Dommo Empr;PN;CALA4B;Acao;BR;cancelado;-;-
Const A Lind;ON;CALI3;Acao;BR;ativo;Construcao;Construcao de edificios residenciais
Const A Lind;PN;CALI4;Acao;BR;ativo;Construcao;Construcao de edificios residenciais
Cambuci;ON;CAMB3;Acao;BR;ativo;Textil;Industria de calcados
Cambuci;PN;CAMB4;Acao;BR;ativo;Textil;Industria de calcados
Nitrocarbono;PNA;CARB5;Acao;BR;cancelado;Quimica;Industria quimica
Ind Cataguas;ON;CATA3;Acao;BR;ativo;Textil;Tecelagens
Ind Cataguas;PN;CATA4;Acao;BR;ativo;Textil;Tecelagens
Ampla Energ;ON;CBEE3;Acao;BR;ativo;Energia Eletrica;Geracao, transmissao e distribuicao de energia eletrica
Cobrasma;ON;CBMA3;Acao;BR;ativo;Veiculos e pecas;Industria de equipamento ferroviario
Cobrasma;PN;CBMA4;Acao;BR;ativo;Veiculos e pecas;Industria de equipamento ferroviario
Cbv Ind Mec;PN;CBVI4;Acao;BR;cancelado;Maquinas Indust;Industria de maquinas agricolas, de construcao e mineracao
Chiarelli;ON;CCHI3;Acao;BR;ativo;Minerais nao Met;Industria de produtos de ceramica e refratarios
Chiarelli;PN;CCHI4;Acao;BR;ativo;Minerais nao Met;Industria de produtos de ceramica e refratarios
CC Des Imob;ON;CCIM3;Acao;BR;cancelado;Construcao;Construcao de edificios residenciais
CCR SA;ON;CCRO3;Acao;BR;ativo;Transporte Servic;Atividades auxiliares ao transporte rodoviario
CBC Cartucho;ON;CCTU3;Acao;BR;cancelado;Siderur & Metalur;Outras industrias de produtos de metal
CBC Cartucho;PN;CCTU4;Acao;BR;cancelado;Siderur & Metalur;Outras industrias de produtos de metal
Ccx Carvao;ON;CCXC3;Acao;BR;ativo;Mineracao;Mineracao de metais
Cach Dourada;PN;CDOU4;Acao;BR;cancelado;Energia Eletrica;Geracao, transmissao e distribuicao de energia eletrica
Ceb;ON;CEBR3;Acao;BR;ativo;Energia Eletrica;Geracao, transmissao e distribuicao de energia eletrica
Ceb;PNA;CEBR5;Acao;BR;ativo;Energia Eletrica;Geracao, transmissao e distribuicao de energia eletrica
Ceb;PNB;CEBR6;Acao;BR;ativo;Energia Eletrica;Geracao, transmissao e distribuicao de energia eletrica
Cedro;ON;CEDO3;Acao;BR;ativo;Textil;Tecelagens
Cedro;PN;CEDO4;Acao;BR;ativo;Textil;Tecelagens
Cedro;PNB;CEDO6;Acao;BR;cancelado;Textil;Tecelagens
Coelba;ON;CEEB3;Acao;BR;ativo;Energia Eletrica;Geracao, transmissao e distribuicao de energia eletrica
Coelba;PNA;CEEB5;Acao;BR;ativo;Energia Eletrica;Geracao, transmissao e distribuicao de energia eletrica
Coelba;PNB;CEEB6;Acao;BR;ativo;Energia Eletrica;Geracao, transmissao e distribuicao de energia eletrica
Ceee-D;ON;CEED3;Acao;BR;ativo;Energia Eletrica;Empresa de eletricidade, gas e agua
Ceee-D;PN;CEED4;Acao;BR;ativo;Energia Eletrica;Empresa de eletricidade, gas e agua
Ceg;ON;CEGR3;Acao;BR;ativo;Petroleo e Gas;Distribuicao de gas natural
Celpa;ON;CELP3;Acao;BR;ativo;Energia Eletrica;Geracao, transmissao e distribuicao de energia eletrica
Celpa;PNA;CELP5;Acao;BR;ativo;Energia Eletrica;Geracao, transmissao e distribuicao de energia eletrica
Celpa;PNB;CELP6;Acao;BR;ativo;Energia Eletrica;Geracao, transmissao e distribuicao de energia eletrica
Celpa;PNC;CELP7;Acao;BR;ativo;Energia Eletrica;Geracao, transmissao e distribuicao de energia eletrica
Celpe;ON;CEPE3;Acao;BR;ativo;Energia Eletrica;Geracao, transmissao e distribuicao de energia eletrica
Celpe;PNA;CEPE5;Acao;BR;ativo;Energia Eletrica;Geracao, transmissao e distribuicao de energia eletrica
Celpe;PNB;CEPE6;Acao;BR;ativo;Energia Eletrica;Geracao, transmissao e distribuicao de energia eletrica
Cesp;ON;CESP3;Acao;BR;ativo;Energia Eletrica;Geracao, transmissao e distribuicao de energia eletrica
Cesp;PNA;CESP5;Acao;BR;ativo;Energia Eletrica;Geracao, transmissao e distribuicao de energia eletrica
Cesp;PNB;CESP6;Acao;BR;ativo;Energia Eletrica;Geracao, transmissao e distribuicao de energia eletrica
Ceterp;ON;CETE3;Acao;BR;cancelado;Telecomunicacoes;Telecomunicacoes
Ceterp;PN;CETE4;Acao;BR;cancelado;Telecomunicacoes;Telecomunicacoes
Bunge Alimentos;ON;CEVA3;Acao;BR;cancelado;Alimentos e Beb;Moinho de graos
Bunge Alimentos;PN;CEVA4;Acao;BR;cancelado;Alimentos e Beb;Moinho de graos
Fluminense Refriger;ON;CFLU3;Acao;BR;cancelado;Alimentos e Beb;Industria de bebidas
Fluminense Refriger;PN;CFLU4;Acao;BR;cancelado;Alimentos e Beb;Industria de bebidas
Comgas;ON;CGAS3;Acao;BR;ativo;Petroleo e Gas;Distribuicao de gas natural
Comgas;PNA;CGAS5;Acao;BR;ativo;Petroleo e Gas;Distribuicao de gas natural
Celg;ON;CGOS3;Acao;BR;cancelado;Energia Eletrica;Geracao, transmissao e distribuicao de energia eletrica
Celg;PN;CGOS4;Acao;BR;cancelado;Energia Eletrica;Geracao, transmissao e distribuicao de energia eletrica
Celg;PNB;CGOS6;Acao;BR;cancelado;Energia Eletrica;Geracao, transmissao e distribuicao de energia eletrica
Grazziotin;ON;CGRA3;Acao;BR;ativo;Comercio;Loja de roupas
Grazziotin;PN;CGRA4;Acao;BR;ativo;Comercio;Loja de roupas
Chapeco;ON;CHAP3;Acao;BR;cancelado;Alimentos e Beb;Abatedouros
Chapeco;PN;CHAP4;Acao;BR;cancelado;Alimentos e Beb;Abatedouros
Cica;PN;CIC4;Acao;BR;cancelado;Alimentos e Beb;Industria de laticinios
Cielo;ON;CIEL3;Acao;BR;ativo;Software e Dados;Servicos de processamento de dados
Cacique;ON;CIQU3;Acao;BR;ativo;Alimentos e Beb;Moinho de graos
Cacique;PN;CIQU4;Acao;BR;ativo;Alimentos e Beb;Moinho de graos
Clarion;ON;CLAN3;Acao;BR;ativo;Alimentos e Beb;Moinho de graos
Clarion;PN;CLAN4;Acao;BR;ativo;Alimentos e Beb;Moinho de graos
Coldex;PN;CLDX4;Acao;BR;cancelado;Maquinas Indust;Industria de maquinas agricolas, de construcao e mineracao
Celesc;ON;CLSC3;Acao;BR;ativo;Energia Eletrica;Geracao, transmissao e distribuicao de energia eletrica
Celesc;PN;CLSC4;Acao;BR;ativo;Energia Eletrica;Geracao, transmissao e distribuicao de energia eletrica
Celesc;PNA;CLSC5;Acao;BR;cancelado;Energia Eletrica;Geracao, transmissao e distribuicao de energia eletrica
Caemi;ON;CMET3;Acao;BR;cancelado;Mineracao;Mineracao de metais
Caemi;PN;CMET4;Acao;BR;cancelado;Mineracao;Mineracao de metais
Cemat;ON;CMGR3;Acao;BR;ativo;Energia Eletrica;Geracao, transmissao e distribuicao de energia eletrica
Cemat;PN;CMGR4;Acao;BR;ativo;Energia Eletrica;Geracao, transmissao e distribuicao de energia eletrica
Cemig;ON;CMIG3;Acao;BR;ativo;Energia Eletrica;Geracao, transmissao e distribuicao de energia eletrica
Cemig;PN;CMIG4;Acao;BR;ativo;Energia Eletrica;Geracao, transmissao e distribuicao de energia eletrica
Confab;ON;CNFB3;Acao;BR;cancelado;Siderur & Metalur;Transformacao de aco em produtos de aco
Confab;PN;CNFB4;Acao;BR;cancelado;Siderur & Metalur;Transformacao de aco em produtos de aco
Const Beter;ON;COBE3B;Acao;BR;ativo;Construcao;Outras construcoes pesadas
Const Beter;PNA;COBE5B;Acao;BR;ativo;Construcao;Outras construcoes pesadas
Const Beter;PNB;COBE6B;Acao;BR;ativo;Construcao;Outras construcoes pesadas
Coelce;ON;COCE3;Acao;BR;ativo;Energia Eletrica;Geracao, transmissao e distribuicao de energia eletrica
Coelce;PNA;COCE5;Acao;BR;ativo;Energia Eletrica;Geracao, transmissao e distribuicao de energia eletrica
Coelce;PNB;COCE6;Acao;BR;ativo;Energia Eletrica;Geracao, transmissao e distribuicao de energia eletrica
Copas;PN;COPA4;Acao;BR;cancelado;Quimica;Industria de fertilizantes e pesticidas
Trikem;PN;CPCA4;Acao;BR;cancelado;Quimica;Industria de fibras e borracha sinteticas, resinas e filamentos
CPFL Energia;ON;CPFE3;Acao;BR;ativo;Energia Eletrica;Geracao, transmissao e distribuicao de energia eletrica
CPFL Geracao;ON;CPFG3;Acao;BR;cancelado;Energia Eletrica;Geracao, transmissao e distribuicao de energia eletrica
CPFL Geracao;PN;CPFG4;Acao;BR;cancelado;Energia Eletrica;Geracao, transmissao e distribuicao de energia eletrica
Ferro Ligas;PN;CPFL4;Acao;BR;cancelado;Siderur & Metalur;Fundicao
CPFL Piratininga;ON;CPFP3;Acao;BR;cancelado;Energia Eletrica;Geracao, transmissao e distribuicao de energia eletrica
CPFL Piratininga;PN;CPFP4;Acao;BR;cancelado;Energia Eletrica;Geracao, transmissao e distribuicao de energia eletrica
Copel;ON;CPLE3;Acao;BR;ativo;Energia Eletrica;Geracao, transmissao e distribuicao de energia eletrica
Copel;PNA;CPLE5;Acao;BR;ativo;Energia Eletrica;Geracao, transmissao e distribuicao de energia eletrica
Copel;PNB;CPLE6;Acao;BR;ativo;Energia Eletrica;Geracao, transmissao e distribuicao de energia eletrica
Company;ON;CPNY3;Acao;BR;cancelado;Construcao;Construcao de edificios residenciais
CPFL Renovav;ON;CPRE3;Acao;BR;ativo;Energia Eletrica;Empresa de eletricidade, gas e agua
Copesul;ON;CPSL3;Acao;BR;cancelado;Quimica;Industria quimica basica
Capitalpart;ON;CPTP3B;Acao;BR;cancelado;Telecomunicacoes;Telecomunicacoes
Caraiba Met;PNE;CRBM11;Acao;BR;cancelado;Siderur & Metalur;Outras industrias de produtos de metal
Caraiba Met;ON;CRBM3;Acao;BR;cancelado;Siderur & Metalur;Outras industrias de produtos de metal
Caraiba Met;PNA;CRBM5;Acao;BR;cancelado;Siderur & Metalur;Outras industrias de produtos de metal
Caraiba Met;PNC;CRBM7;Acao;BR;cancelado;Siderur & Metalur;Outras industrias de produtos de metal
Caraiba Met;PND;CRBM8;Acao;BR;cancelado;Siderur & Metalur;Outras industrias de produtos de metal
Cr2;ON;CRDE3;Acao;BR;ativo;Construcao;Construcao de edificios residenciais
Cremer;ON;CREM3;Acao;BR;ativo;Textil;Outras industrias de tecidos
Cremer (Antiga);PN;CREM4-old;Acao;BR;cancelado;Textil;Tecelagens
Crt Ciargtelec;PNA;CRGT5;Acao;BR;cancelado;Telecomunicacoes;Telecomunicacoes
Conc Rio Ter;ON;CRTE3B;Acao;BR;cancelado;Transporte Servic;Atividades auxiliares ao transporte rodoviario
Conc Rio Ter;PNA;CRTE5B;Acao;BR;cancelado;Transporte Servic;Atividades auxiliares ao transporte rodoviario
Crt Celular;ON;CRTP3;Acao;BR;cancelado;Telecomunicacoes;Telecomunicacoes
Crt Celular;PNA;CRTP5;Acao;BR;cancelado;Telecomunicacoes;Telecomunicacoes
Cosan;ON;CSAN3;Acao;BR;ativo;Alimentos e Beb;Industria de acucar e produtos de confeitaria
Sid Nacional;ON;CSNA3;Acao;BR;ativo;Siderur & Metalur;Transformacao de aco em produtos de aco
Cosipa;ON;CSPC3;Acao;BR;cancelado;Siderur & Metalur;Transformacao de aco em produtos de aco
Cosipa;PN;CSPC4;Acao;BR;cancelado;Siderur & Metalur;Transformacao de aco em produtos de aco
Cosern;ON;CSRN3;Acao;BR;ativo;Energia Eletrica;Geracao, transmissao e distribuicao de energia eletrica
Cosern;PNA;CSRN5;Acao;BR;ativo;Energia Eletrica;Geracao, transmissao e distribuicao de energia eletrica
Cosern;PNB;CSRN6;Acao;BR;ativo;Energia Eletrica;Geracao, transmissao e distribuicao de energia eletrica
Sid Tubarao;ON;CSTB3;Acao;BR;cancelado;Siderur & Metalur;Transformacao de aco em produtos de aco
Sid Tubarao;PN;CSTB4;Acao;BR;cancelado;Siderur & Metalur;Transformacao de aco em produtos de aco
Karsten;ON;CTKA3;Acao;BR;ativo;Textil;Industria de roupas de tecido
Karsten;PN;CTKA4;Acao;BR;ativo;Textil;Industria de roupas de tecido
Cent Acu;ON;CTLG3;Acao;BR;cancelado;Mineracao;Atividades auxiliares à mineracao
Continental;PN;CTLU4;Acao;BR;cancelado;Eletroeletronicos;Industria de eletrodomesticos
Cent Min-Rio;ON;CTMI3;Acao;BR;cancelado;Mineracao;Mineracao de metais
Coteminas;ON;CTNM3;Acao;BR;ativo;Textil;Industria de roupas de tecido
Coteminas;PN;CTNM4;Acao;BR;ativo;Textil;Industria de roupas de tecido
Marambaia;ON;CTPC3;Acao;BR;cancelado;Alimentos e Beb;Industria de bebidas
Marambaia;PN;CTPC4;Acao;BR;cancelado;Alimentos e Beb;Industria de bebidas
Santanense;ON;CTSA3;Acao;BR;ativo;Textil;Tecelagens
Santanense;PN;CTSA4;Acao;BR;ativo;Textil;Tecelagens
Santanense;PND;CTSA8;Acao;BR;ativo;Textil;Tecelagens
Cvc Brasil;ON;CVCB3;Acao;BR;ativo;Transporte Servic;Transporte turistico
Cyrela Realt;ON;CYRE3;Acao;BR;ativo;Construcao;Construcao de edificios residenciais
Cyrela Realt;PN;CYRE4;Acao;BR;cancelado;Construcao;Construcao de edificios residenciais
Czarina;PN;CZAR4;Acao;BR;cancelado;Textil;Industria de calcados
DHB;ON;DHBI3;Acao;BR;ativo;Veiculos e pecas;Industria de autopecas
DHB;PN;DHBI4;Acao;BR;ativo;Veiculos e pecas;Industria de autopecas
Direcional;ON;DIRR3;Acao;BR;ativo;Construcao;Construcao de edificios residenciais
Dinamica Ene;ON;DNEN3B;Acao;BR;cancelado;Energia Eletrica;Geracao, transmissao e distribuicao de energia eletrica
Dohler;ON;DOHL3;Acao;BR;ativo;Textil;Industria de roupas de tecido
Dohler;PN;DOHL4;Acao;BR;ativo;Textil;Industria de roupas de tecido
Domus Populi;ON;DOMO3;Acao;BR;cancelado;Minerais nao Met;Industria de cimento e produtos de concreto
Ipiranga Dis;ON;DPPI3;Acao;BR;cancelado;Petroleo e Gas;Posto de gasolina
Ipiranga Dis;PN;DPPI4;Acao;BR;cancelado;Petroleo e Gas;Posto de gasolina
RaiaDrogasil;PNE;DROG11;Acao;BR;cancelado;Comercio;Loja de artigos para saude e cuidados pessoais
RaiaDrogasil;PNF;DROG12;Acao;BR;cancelado;Comercio;Loja de artigos para saude e cuidados pessoais
RaiaDrogasil;PNG;DROG13;Acao;BR;cancelado;Comercio;Loja de artigos para saude e cuidados pessoais
RaiaDrogasil;PNH;DROG14;Acao;BR;cancelado;Comercio;Loja de artigos para saude e cuidados pessoais
RaiaDrogasil;PNA;DROG5;Acao;BR;cancelado;Comercio;Loja de artigos para saude e cuidados pessoais
RaiaDrogasil;PNB;DROG6;Acao;BR;cancelado;Comercio;Loja de artigos para saude e cuidados pessoais
RaiaDrogasil;PNC;DROG7;Acao;BR;cancelado;Comercio;Loja de artigos para saude e cuidados pessoais
RaiaDrogasil;PND;DROG8;Acao;BR;cancelado;Comercio;Loja de artigos para saude e cuidados pessoais
Datasul;ON;DSUL3;Acao;BR;cancelado;Software e Dados;Servicos de processamento de dados
Met Duque;ON;DUQE3;Acao;BR;ativo;Siderur & Metalur;Industria de molas e produtos de arame
Met Duque;PN;DUQE4;Acao;BR;ativo;Siderur & Metalur;Industria de molas e produtos de arame
Desenvix;ON;DVIX3;Acao;BR;ativo;Energia Eletrica;Geracao, transmissao e distribuicao de energia eletrica
Aco Altona;ON;EALT3;Acao;BR;ativo;Siderur & Metalur;Transformacao de aco em produtos de aco
Aco Altona;PN;EALT4;Acao;BR;ativo;Siderur & Metalur;Transformacao de aco em produtos de aco
Embraco;ON;EBCO3;Acao;BR;cancelado;Maquinas Indust;Industria de equipamentos de refrigeracao
Embraco;PN;EBCO4;Acao;BR;cancelado;Maquinas Indust;Industria de equipamentos de refrigeracao
Bandeirante Energ;ON;EBEN3;Acao;BR;cancelado;Energia Eletrica;Geracao, transmissao e distribuicao de energia eletrica
Bandeirante Energ;PN;EBEN4;Acao;BR;cancelado;Energia Eletrica;Geracao, transmissao e distribuicao de energia eletrica
Embratel Part;ON;EBTP3;Acao;BR;ativo;Telecomunicacoes;Telecomunicacoes
Embratel Part;PN;EBTP4;Acao;BR;ativo;Telecomunicacoes;Telecomunicacoes
Ecisa;ON;ECIS3;Acao;BR;cancelado;Construcao;Construcao de edificios nao residenciais
Ecisa;PN;ECIS4;Acao;BR;cancelado;Construcao;Construcao de edificios nao residenciais
Ecorodovias;ON;ECOR3;Acao;BR;ativo;Transporte Servic;Atividades auxiliares ao transporte
Encorpar;ON;ECPR3;Acao;BR;ativo;Textil;Industria de fios
Encorpar;PN;ECPR4;Acao;BR;ativo;Textil;Industria de fios
Edn;PNA;EDNE5;Acao;BR;cancelado;Quimica;Industria quimica basica
Ceee-Gt;ON;EEEL3;Acao;BR;ativo;Energia Eletrica;Geracao, transmissao e distribuicao de energia eletrica
Ceee-Gt;PN;EEEL4;Acao;BR;ativo;Energia Eletrica;Geracao, transmissao e distribuicao de energia eletrica
Elektro;ON;EKTR3;Acao;BR;ativo;Energia Eletrica;Geracao, transmissao e distribuicao de energia eletrica
Elektro;PN;EKTR4;Acao;BR;ativo;Energia Eletrica;Geracao, transmissao e distribuicao de energia eletrica
Elevad Atlas;ON;ELAT3;Acao;BR;cancelado;Maquinas Indust;Industria de maquinas industriais
Elekeiroz;ON;ELEK3;Acao;BR;ativo;Quimica;Industria quimica basica
Elekeiroz;PN;ELEK4;Acao;BR;ativo;Quimica;Industria quimica basica
Eletrobras;ON;ELET3;Acao;BR;ativo;Energia Eletrica;Geracao, transmissao e distribuicao de energia eletrica
Eletrobras;PNA;ELET5;Acao;BR;ativo;Energia Eletrica;Geracao, transmissao e distribuicao de energia eletrica
Eletrobras;PNB;ELET6;Acao;BR;ativo;Energia Eletrica;Geracao, transmissao e distribuicao de energia eletrica
Eleva;ON;ELEV3;Acao;BR;cancelado;Alimentos e Beb;Abatedouros
Eletropaulo (Old);PNB;ELPL11-old;Acao;BR;cancelado;Energia Eletrica;Geracao, transmissao e distribuicao de energia eletrica
Eletropaulo;ON;ELPL3;Acao;BR;ativo;Energia Eletrica;Geracao, transmissao e distribuicao de energia eletrica
Eletropaulo;PN;ELPL4;Acao;BR;ativo;Energia Eletrica;Geracao, transmissao e distribuicao de energia eletrica
Eletropaulo;PNA;ELPL5;Acao;BR;cancelado;Energia Eletrica;Geracao, transmissao e distribuicao de energia eletrica
Eluma;ON;ELUM3;Acao;BR;cancelado;Siderur & Metalur;Industria de ferramentas de metal nao motorizadas e cutelaria
Eluma;PN;ELUM4;Acao;BR;cancelado;Siderur & Metalur;Industria de ferramentas de metal nao motorizadas e cutelaria
Emae;ON;EMAE3;Acao;BR;ativo;Energia Eletrica;Geracao, transmissao e distribuicao de energia eletrica
Emae;PN;EMAE4;Acao;BR;ativo;Energia Eletrica;Geracao, transmissao e distribuicao de energia eletrica
Embraer;ON;EMBR3;Acao;BR;ativo;Veiculos e pecas;Industria de equipamentos aeroespacias
Embraer;PN;EMBR4;Acao;BR;cancelado;Veiculos e pecas;Industria de equipamentos aeroespacias
Geral de Concreto;PN;EMXS4;Acao;BR;cancelado;Construcao;Empreiteiro de concretamento
Energias BR;ON;ENBR3;Acao;BR;ativo;Energia Eletrica;Geracao, transmissao e distribuicao de energia eletrica
Enersul;ON;ENER3;Acao;BR;cancelado;Energia Eletrica;Geracao, transmissao e distribuicao de energia eletrica
Enersul;PNA;ENER5;Acao;BR;cancelado;Energia Eletrica;Geracao, transmissao e distribuicao de energia eletrica
Enersul;PNB;ENER6;Acao;BR;cancelado;Energia Eletrica;Geracao, transmissao e distribuicao de energia eletrica
Eneva;ON;ENEV3;Acao;BR;ativo;Energia Eletrica;Geracao, transmissao e distribuicao de energia eletrica
Engesa;PNA;ENG5;Acao;BR;cancelado;Siderur & Metalur;Outras industrias de produtos de metal
Energisa;UNT N2;ENGI11;Acao;BR;ativo;Energia Eletrica;Empresa de eletricidade, gas e agua
Energisa;ON;ENGI3;Acao;BR;ativo;Energia Eletrica;Empresa de eletricidade, gas e agua
Energisa;PN;ENGI4;Acao;BR;ativo;Energia Eletrica;Empresa de eletricidade, gas e agua
Cemar;ON;ENMA3B;Acao;BR;ativo;Energia Eletrica;Geracao, transmissao e distribuicao de energia eletrica
Cemar;PNA;ENMA5B;Acao;BR;ativo;Energia Eletrica;Geracao, transmissao e distribuicao de energia eletrica
Cemar;PNB;ENMA6B;Acao;BR;ativo;Energia Eletrica;Geracao, transmissao e distribuicao de energia eletrica
Epte;PN;EPTE4;Acao;BR;cancelado;Energia Eletrica;Geracao, transmissao e distribuicao de energia eletrica
Equatorial;UNT N2;EQTL11;Acao;BR;cancelado;Energia Eletrica;Geracao, transmissao e distribuicao de energia eletrica
Equatorial;ON;EQTL3;Acao;BR;ativo;Energia Eletrica;Geracao, transmissao e distribuicao de energia eletrica
Equatorial;PN;EQTL4;Acao;BR;cancelado;Energia Eletrica;Geracao, transmissao e distribuicao de energia eletrica
Ericsson;ON;ERIC3;Acao;BR;cancelado;Eletroeletronicos;Industria de equipamentos de comunicacao
Ericsson;PN;ERIC4;Acao;BR;cancelado;Eletroeletronicos;Industria de equipamentos de comunicacao
Escelsa;ON;ESCE3;Acao;BR;cancelado;Energia Eletrica;Geracao, transmissao e distribuicao de energia eletrica
Eternit;ON;ETER3;Acao;BR;ativo;Minerais nao Met;Industria de outros produtos de minerais nao metalicos
Eternit;PN;ETER4;Acao;BR;cancelado;Minerais nao Met;Industria de outros produtos de minerais nao metalicos
Even;ON;EVEN3;Acao;BR;ativo;Construcao;Construcao de edificios residenciais
Eztec;ON;EZTC3;Acao;BR;ativo;Construcao;Construcao de edificios residenciais
Cofap;PN;FAPC4;Acao;BR;cancelado;Veiculos e pecas;Industria de autopecas
Fibam;ON;FBMC3;Acao;BR;ativo;Siderur & Metalur;Industria de parafusos, arruelas, porcas e produtos torneados
Fibam;PN;FBMC4;Acao;BR;ativo;Siderur & Metalur;Industria de parafusos, arruelas, porcas e produtos torneados
Fertibras;ON;FBRA3;Acao;BR;cancelado;Quimica;Industria de fertilizantes e pesticidas
Fertibras;PN;FBRA4;Acao;BR;cancelado;Quimica;Industria de fertilizantes e pesticidas
Sam Industr;ON;FCAP3;Acao;BR;cancelado;Siderur & Metalur;Industria de ferramentas de metal nao motorizadas e cutelaria
Sam Industr;PN;FCAP4;Acao;BR;cancelado;Siderur & Metalur;Industria de ferramentas de metal nao motorizadas e cutelaria
Ferbasa;ON;FESA3;Acao;BR;ativo;Siderur & Metalur;Fundicao
Ferbasa;PN;FESA4;Acao;BR;ativo;Siderur & Metalur;Fundicao
Valefert;ON;FFTL3;Acao;BR;cancelado;Quimica;Industria de fertilizantes e pesticidas
Valefert;PN;FFTL4;Acao;BR;cancelado;Quimica;Industria de fertilizantes e pesticidas
Frangosul;PN;FGOS4;Acao;BR;cancelado;Alimentos e Beb;Abatedouros
F Guimaraes;ON;FGUI3;Acao;BR;cancelado;Textil;Tecelagens
F Guimaraes;PN;FGUI4;Acao;BR;cancelado;Textil;Tecelagens
Fer Heringer;ON;FHER3;Acao;BR;ativo;Quimica;Industria de fertilizantes e pesticidas
Fibria;ON;FIBR3;Acao;BR;ativo;Papel e Celulose;Industria de papel , celulose e papelao
Forja Taurus;ON;FJTA3;Acao;BR;ativo;Siderur & Metalur;Outras industrias de produtos de metal
Forja Taurus;PN;FJTA4;Acao;BR;ativo;Siderur & Metalur;Outras industrias de produtos de metal
Fer Demellot;ON;FLBR3;Acao;BR;cancelado;Siderur & Metalur;Industria de produtos de metal
Fer Demellot;PN;FLBR4;Acao;BR;cancelado;Siderur & Metalur;Industria de produtos de metal
F Cataguazes;ON;FLCL3;Acao;BR;cancelado;Energia Eletrica;Geracao, transmissao e distribuicao de energia eletrica
F Cataguazes;PNA;FLCL5;Acao;BR;cancelado;Energia Eletrica;Geracao, transmissao e distribuicao de energia eletrica
F Cataguazes;PNB;FLCL6;Acao;BR;cancelado;Energia Eletrica;Geracao, transmissao e distribuicao de energia eletrica
Fras-Le;ON;FRAS3;Acao;BR;ativo;Veiculos e pecas;Industria de autopecas
Fras-Le;PN;FRAS4;Acao;BR;cancelado;Veiculos e pecas;Industria de autopecas
Frigobras;ON;FRI3;Acao;BR;cancelado;Alimentos e Beb;Abatedouros
Frigobras;PN;FRI4;Acao;BR;cancelado;Alimentos e Beb;Abatedouros
Metalfrio;ON;FRIO3;Acao;BR;ativo;Maquinas Indust;Industria de equipamentos de refrigeracao
BR Ferrovias;ON;FRPS3;Acao;BR;cancelado;Transporte Servic;Transporte ferroviario
BR Ferrovias;PN;FRPS4;Acao;BR;cancelado;Transporte Servic;Transporte ferroviario
All Norte;ON;FRRN3B;Acao;BR;cancelado;Transporte Servic;Transporte ferroviario
All Norte;PNA;FRRN5B;Acao;BR;cancelado;Transporte Servic;Transporte ferroviario
All Norte;PNB;FRRN6B;Acao;BR;cancelado;Transporte Servic;Transporte ferroviario
Fab C Renaux;ON;FTRX3;Acao;BR;cancelado;Textil;Tecelagens
Fab C Renaux;PN;FTRX4;Acao;BR;cancelado;Textil;Tecelagens
Ferti Serrana;PN;FTSE4;Acao;BR;cancelado;Quimica;Industria de fertilizantes e pesticidas
Fertisul;PN;FTSU4;Acao;BR;cancelado;Quimica;Industria de fertilizantes e pesticidas
Fertiza;PN;FTZA4;Acao;BR;cancelado;Quimica;Industria de fertilizantes e pesticidas
Cimob Partic;ON;GAFP3;Acao;BR;cancelado;Construcao;Construcao de edificios residenciais
Cimob Partic;PN;GAFP4;Acao;BR;cancelado;Construcao;Construcao de edificios residenciais
Maio Gallo;PN;GALO4;Acao;BR;cancelado;Veiculos e pecas;Industria de autopecas
Gazola;ON;GAZO3;Acao;BR;cancelado;Siderur & Metalur;Forjarias e estamparias
Gazola;PN;GAZO4;Acao;BR;cancelado;Siderur & Metalur;Forjarias e estamparias
Ger Paranap;ON;GEPA3;Acao;BR;ativo;Energia Eletrica;Geracao, transmissao e distribuicao de energia eletrica
Ger Paranap;PN;GEPA4;Acao;BR;ativo;Energia Eletrica;Geracao, transmissao e distribuicao de energia eletrica
AES Tiete;ON;GETI3;Acao;BR;ativo;Energia Eletrica;Geracao, transmissao e distribuicao de energia eletrica
AES Tiete;PN;GETI4;Acao;BR;ativo;Energia Eletrica;Geracao, transmissao e distribuicao de energia eletrica
Gafisa;ON;GFSA3;Acao;BR;ativo;Construcao;Construcao de edificios residenciais
Gafisa;PNA;GFSA5;Acao;BR;cancelado;Construcao;Construcao de edificios residenciais
Gerdau;ON;GGBR3;Acao;BR;ativo;Siderur & Metalur;Transformacao de aco em produtos de aco
Gerdau;PN;GGBR4;Acao;BR;ativo;Siderur & Metalur;Transformacao de aco em produtos de aco
Viavarejo;PN;GLOB4;Acao;BR;cancelado;Comercio;Loja de departamentos
Neoenergia;ON;GNAN3B;Acao;BR;ativo;Energia Eletrica;Geracao, transmissao e distribuicao de energia eletrica
Gerdau Met;ON;GOAU3;Acao;BR;ativo;Siderur & Metalur;Transformacao de aco em produtos de aco
Gerdau Met;PN;GOAU4;Acao;BR;ativo;Siderur & Metalur;Transformacao de aco em produtos de aco
Gol;ON;GOLL3;Acao;BR;ativo;Transporte Servic;Transporte aereo regular
Gol;PN;GOLL4;Acao;BR;ativo;Transporte Servic;Transporte aereo regular
Celgpar;ON;GPAR3;Acao;BR;ativo;Energia Eletrica;Empresa de eletricidade, gas e agua
Grendene;ON;GRND3;Acao;BR;ativo;Textil;Industria de calcados
Granoleo;ON;GRNL3;Acao;BR;cancelado;Alimentos e Beb;Moinho de graos
Granoleo;PN;GRNL4;Acao;BR;cancelado;Alimentos e Beb;Moinho de graos
Gtd Partic;ON;GTDP3B;Acao;BR;cancelado;Energia Eletrica;Empresa de eletricidade, gas e agua
Gtd Partic;PN;GTDP4B;Acao;BR;cancelado;Energia Eletrica;Empresa de eletricidade, gas e agua
Guararapes;ON;GUAR3;Acao;BR;ativo;Textil;Industria de roupas de tecido
Guararapes;PN;GUAR4;Acao;BR;ativo;Textil;Industria de roupas de tecido
GVT Holding;ON;GVTT3;Acao;BR;cancelado;Telecomunicacoes;Telecomunicacoes
Haga S/A;ON;HAGA3;Acao;BR;ativo;Siderur & Metalur;Industria de ferragens
Haga S/A;PN;HAGA4;Acao;BR;ativo;Siderur & Metalur;Industria de ferragens
Helbor;ON;HBOR3;Acao;BR;ativo;Construcao;Construcao de edificios residenciais
Hercules;ON;HETA3;Acao;BR;ativo;Siderur & Metalur;Industria de ferramentas de metal nao motorizadas e cutelaria
Hercules;PN;HETA4;Acao;BR;ativo;Siderur & Metalur;Industria de ferramentas de metal nao motorizadas e cutelaria
Cia Hering;ON;HGTX3;Acao;BR;ativo;Textil;Industria de roupas de malha
Cia Hering;PN;HGTX4;Acao;BR;cancelado;Textil;Industria de roupas de malha
Hering Text;PN;HGTX4-old;Acao;BR;cancelado;Textil;Outras industrias de tecidos
Hrt Petroleo;ON;HRTP3;Acao;BR;ativo;Petroleo e Gas;Extracao de petroleo e gas
Antarct Nordeste;ON;IBAN3;Acao;BR;cancelado;Alimentos e Beb;Industria de bebidas
Antarct Nordeste;PNA;IBAN5;Acao;BR;cancelado;Alimentos e Beb;Industria de bebidas
Antarctica Pi;PNA;IBPI5;Acao;BR;cancelado;Alimentos e Beb;Industria de bebidas
Antarctica Pi;PNB;IBPI6;Acao;BR;cancelado;Alimentos e Beb;Industria de bebidas
Inbrac;PN;IBRC4;Acao;BR;cancelado;Eletroeletronicos;Industria de computadores e produtos eletronicos
Cim Itau;ON;ICPI3;Acao;BR;cancelado;Minerais nao Met;Industria de cimento e produtos de concreto
Cim Itau;PN;ICPI4;Acao;BR;cancelado;Minerais nao Met;Industria de cimento e produtos de concreto
Bompreco Bah;ON;IDCO3;Acao;BR;cancelado;Comercio;Loja de departamentos
Bompreco Bah;PN;IDCO4;Acao;BR;cancelado;Comercio;Loja de departamentos
Ienergia;ON;IENG3;Acao;BR;cancelado;Energia Eletrica;Geracao, transmissao e distribuicao de energia eletrica
Ienergia;PNA;IENG5;Acao;BR;cancelado;Energia Eletrica;Geracao, transmissao e distribuicao de energia eletrica
Ienergia;PNB;IENG6;Acao;BR;cancelado;Energia Eletrica;Geracao, transmissao e distribuicao de energia eletrica
IGB S/A;ON;IGBR3;Acao;BR;ativo;Eletroeletronicos;Industria de equipamentos de audio e video
IGB S/A;PNA;IGBR5;Acao;BR;cancelado;Eletroeletronicos;Industria de equipamentos de audio e video
IGB S/A;PNB;IGBR6;Acao;BR;cancelado;Eletroeletronicos;Industria de equipamentos de audio e video
IGB S/A;PNC;IGBR7;Acao;BR;cancelado;Eletroeletronicos;Industria de equipamentos de audio e video
Iguacu Cafe;ON;IGUA3;Acao;BR;ativo;Alimentos e Beb;Moinho de graos
Iguacu Cafe;PNA;IGUA5;Acao;BR;ativo;Alimentos e Beb;Moinho de graos
Iguacu Cafe;PNB;IGUA6;Acao;BR;ativo;Alimentos e Beb;Moinho de graos
Linhas Circulo;PN;ILLS4;Acao;BR;cancelado;Textil;Industria de fios
Yara Brasil;ON;ILMD3;Acao;BR;cancelado;Quimica;Industria de fertilizantes e pesticidas
Yara Brasil;PN;ILMD4;Acao;BR;cancelado;Quimica;Industria de fertilizantes e pesticidas
Doc Imbituba;ON;IMBI3;Acao;BR;ativo;Transporte Servic;Atividades auxiliares ao transporte aquatico
Doc Imbituba;PN;IMBI4;Acao;BR;ativo;Transporte Servic;Atividades auxiliares ao transporte aquatico
Imc Holdings;ON;IMCH3;Acao;BR;ativo;Comercio;Loja de comida e bebida
Imperio;PN;IMPE4;Acao;BR;cancelado;Alimentos e Beb;Abatedouros
Inepar Tel;ON;INET3;Acao;BR;ativo;Telecomunicacoes;Telecomunicacoes
Anglo Brazil;ON;IRON3;Acao;BR;cancelado;Mineracao;Mineracao de metais
Itautec;ON;ITEC3;Acao;BR;ativo;Eletroeletronicos;Industria de computadores e perifericos
Antarctica MG;PNA;ITLM5;Acao;BR;cancelado;Alimentos e Beb;Industria de bebidas
Iven;ON;IVEN3;Acao;BR;cancelado;Energia Eletrica;Geracao, transmissao e distribuicao de energia eletrica
Iven;PN;IVEN4;Acao;BR;cancelado;Energia Eletrica;Geracao, transmissao e distribuicao de energia eletrica
Coinvest;PN;IVIL4;Acao;BR;cancelado;Siderur & Metalur;Transformacao de aco em produtos de aco
Invepar;ON;IVPR3B;Acao;BR;cancelado;Transporte Servic;Outras atividades auxiliares ao transporte
Invepar;PN;IVPR4B;Acao;BR;cancelado;Transporte Servic;Outras atividades auxiliares ao transporte
J B Duarte;ON;JBDU3;Acao;BR;ativo;Alimentos e Beb;Industria de alimentos
J B Duarte;PN;JBDU4;Acao;BR;ativo;Alimentos e Beb;Industria de alimentos
JBS;ON;JBSS3;Acao;BR;ativo;Alimentos e Beb;Abatedouros
Jaragua Fabril;PN;JFAB4;Acao;BR;cancelado;Textil;Tecelagens
Joao Fortes;ON;JFEN3;Acao;BR;ativo;Construcao;Construcao de edificios residenciais
JHSF Part;ON;JHSF3;Acao;BR;ativo;Construcao;Construcao e empreendimentos imobiliarios
Josapar;ON;JOPA3;Acao;BR;ativo;Alimentos e Beb;Moinho de graos
Josapar;PN;JOPA4;Acao;BR;ativo;Alimentos e Beb;Moinho de graos
JSL;ON;JSLG3;Acao;BR;ativo;Transporte Servic;Transporte rodoviario
Kepler Weber;ON;KEPL3;Acao;BR;ativo;Siderur & Metalur;Industria de estruturas metalicas
Klabin S/A;UNT N2;KLBN11;Acao;BR;ativo;Papel e Celulose;Industria de papel , celulose e papelao
Klabin S/A;ON;KLBN3;Acao;BR;ativo;Papel e Celulose;Industria de papel , celulose e papelao
Klabin S/A;PN;KLBN4;Acao;BR;ativo;Papel e Celulose;Industria de papel , celulose e papelao
Klabinsegall;ON;KSSA3;Acao;BR;cancelado;Construcao;Construcao e empreendimentos imobiliarios
Lojas Americ;ON;LAME3;Acao;BR;ativo;Comercio;Loja de departamentos
Lojas Americ;PN;LAME4;Acao;BR;ativo;Comercio;Loja de departamentos
Rexam Bcsa;ON;LATS3;Acao;BR;cancelado;Siderur & Metalur;Industria de produtos de metal
Leco;ON;LECO3;Acao;BR;cancelado;Alimentos e Beb;Industria de laticinios
Leco;PN;LECO4;Acao;BR;cancelado;Alimentos e Beb;Industria de laticinios
Micheletto;ON;LETO3;Acao;BR;cancelado;Siderur & Metalur;Industria de parafusos, arruelas, porcas e produtos torneados
Micheletto;PNA;LETO5;Acao;BR;cancelado;Siderur & Metalur;Industria de parafusos, arruelas, porcas e produtos torneados
Metal Leve;ON;LEVE3;Acao;BR;ativo;Veiculos e pecas;Industria de autopecas
Metal Leve;PN;LEVE4;Acao;BR;cancelado;Veiculos e pecas;Industria de autopecas
La Fonte Tel;ON;LFFE3;Acao;BR;ativo;Telecomunicacoes;Telecomunicacoes
La Fonte Tel;PN;LFFE4;Acao;BR;ativo;Telecomunicacoes;Telecomunicacoes
Livr Globo;ON;LGLO3;Acao;BR;cancelado;Comercio;Loja de livros, jornais e musica
Livr Globo;PN;LGLO4;Acao;BR;cancelado;Comercio;Loja de livros, jornais e musica
Lojas Hering;ON;LHER3;Acao;BR;ativo;Comercio;Loja de roupas
Lojas Hering;PN;LHER4;Acao;BR;ativo;Comercio;Loja de roupas
Liasa;PN;LIAS4;Acao;BR;cancelado;Minerais nao Met;Industria de outros produtos de minerais nao metalicos
Light S/A;ON;LIGT3;Acao;BR;ativo;Energia Eletrica;Geracao, transmissao e distribuicao de energia eletrica
Linx;ON;LINX3;Acao;BR;ativo;Software e Dados;Editoras de software
Eletropar;ON;LIPR3;Acao;BR;ativo;Energia Eletrica;Geracao, transmissao e distribuicao de energia eletrica
Brasilit;ON;LITS3;Acao;BR;cancelado;Minerais nao Met;Industria de outros produtos de minerais nao metalicos
Lix da Cunha;ON;LIXC3;Acao;BR;ativo;Construcao;Outras construcoes pesadas
Lix da Cunha;PN;LIXC4;Acao;BR;ativo;Construcao;Outras construcoes pesadas
Le Lis Blanc;ON;LLIS3;Acao;BR;ativo;Textil;Tecelagens
Lojas Arapua;PN;LOAR4;Acao;BR;cancelado;Comercio;Outras lojas de mercadorias variadas
Log-In;ON;LOGN3;Acao;BR;ativo;Transporte Servic;Atividades auxiliares ao transporte
Lorenz;PN;LORZ4;Acao;BR;cancelado;Alimentos e Beb;Moinho de graos
Lojas Renner;ON;LREN3;Acao;BR;ativo;Comercio;Loja de roupas
Lojas Renner;PN;LREN4;Acao;BR;cancelado;Comercio;Loja de roupas
Litel;PRB;LTEL11B;Acao;BR;ativo;Mineracao;Mineracao de metais
Litel;ON;LTEL3B;Acao;BR;ativo;Mineracao;Mineracao de metais
Litel;PNA;LTEL5B;Acao;BR;ativo;Mineracao;Mineracao de metais
Lupatech;ON;LUPA3;Acao;BR;ativo;Siderur & Metalur;Forjarias e estamparias
Cimaf;ON;MAFE3;Acao;BR;cancelado;Siderur & Metalur;Transformacao de aco em produtos de aco
Magnesita SA;ON;MAGG3;Acao;BR;ativo;Mineracao;Extracao de minerais nao metalicos
Magnesita;ON;MAGS3;Acao;BR;cancelado;Mineracao;Extracao de minerais nao metalicos
Magnesita;PNA;MAGS5;Acao;BR;cancelado;Mineracao;Extracao de minerais nao metalicos
Magnesita;PNC;MAGS7;Acao;BR;cancelado;Mineracao;Extracao de minerais nao metalicos
Bunge Fertilizantes;PN;MAHS4;Acao;BR;cancelado;Quimica;Industria de fertilizantes e pesticidas
Makro;ON;MAKR3;Acao;BR;cancelado;Comercio;Outras lojas de mercadorias variadas
Mannesmann;ON;MANM3;Acao;BR;cancelado;Siderur & Metalur;Transformacao de aco em produtos de aco
Mannesmann;PN;MANM4;Acao;BR;cancelado;Siderur & Metalur;Transformacao de aco em produtos de aco
Mcom Wireles;ON;MCWS3;Acao;BR;cancelado;Telecomunicacoes;Telecomunicacoes
Mcom Wireles;PN;MCWS4;Acao;BR;cancelado;Telecomunicacoes;Telecomunicacoes
M.Diasbranco;ON;MDIA3;Acao;BR;ativo;Alimentos e Beb;Outras industrias de alimentos
Mec Pesada;PN;MEC4;Acao;BR;cancelado;Maquinas Indust;Industria de motores, turbinas e transmissores de energia
Mendes Jr;ON;MEND3;Acao;BR;ativo;Construcao;Outras construcoes pesadas
Mendes Jr;PNA;MEND5;Acao;BR;ativo;Construcao;Outras construcoes pesadas
Mendes Jr;PNB;MEND6;Acao;BR;ativo;Construcao;Outras construcoes pesadas
Mesbla;PN;MESB4;Acao;BR;cancelado;Comercio;Loja de departamentos
Santista Alimentos;ON;MFLU3;Acao;BR;cancelado;Alimentos e Beb;Outras industrias de alimentos
Mangels Indl;ON;MGEL3;Acao;BR;ativo;Siderur & Metalur;Forjarias e estamparias
Mangels Indl;PN;MGEL4;Acao;BR;ativo;Siderur & Metalur;Forjarias e estamparias
Magaz Luiza;ON;MGLU3;Acao;BR;ativo;Comercio;Loja de departamentos
Mahle-Cofap;PN;MLCF4;Acao;BR;cancelado;Veiculos e pecas;Industria de autopecas
Melpaper;ON;MLPA3;Acao;BR;cancelado;Papel e Celulose;Industria de produtos de papel e papelao
Melpaper;PN;MLPA4;Acao;BR;cancelado;Papel e Celulose;Industria de produtos de papel e papelao
Lfparticip;ON;MLPP3;Acao;BR;ativo;Telecomunicacoes;Telecomunicacoes
Minasmaquinas;ON;MMAQ3;Acao;BR;ativo;Comercio;Concessionarias de outros veiculos motorizados
Minasmaquinas;PN;MMAQ4;Acao;BR;ativo;Comercio;Concessionarias de outros veiculos motorizados
MMX Miner;ON;MMXM3;Acao;BR;ativo;Mineracao;Mineracao de metais
Mundial;ON;MNDL3;Acao;BR;ativo;Siderur & Metalur;Industria de ferragens
Mundial;PN;MNDL4;Acao;BR;cancelado;Siderur & Metalur;Industria de ferragens
Minupar;ON;MNPR3;Acao;BR;ativo;Alimentos e Beb;Abatedouros
Minupar;PN;MNPR4;Acao;BR;cancelado;Alimentos e Beb;Abatedouros
Manasa;ON;MNSA3;Acao;BR;cancelado;Agro e Pesca;Outros cultivos
Manasa;PN;MNSA4;Acao;BR;cancelado;Agro e Pesca;Outros cultivos
Menezes Cort;ON;MNZC3B;Acao;BR;cancelado;Transporte Servic;Outras atividades auxiliares ao transporte
Marfrig;ON;MRFG3;Acao;BR;ativo;Alimentos e Beb;Abatedouros
Mrs Logist;ON;MRSA3B;Acao;BR;cancelado;Transporte Servic;Transporte ferroviario
Mrs Logist;PNA;MRSA5B;Acao;BR;cancelado;Transporte Servic;Transporte ferroviario
Mrs Logist;PNB;MRSA6B;Acao;BR;cancelado;Transporte Servic;Transporte ferroviario
Marisol;ON;MRSL3;Acao;BR;cancelado;Textil;Industria de roupas de malha
Marisol;PN;MRSL4;Acao;BR;cancelado;Textil;Industria de roupas de malha
MRV;ON;MRVE3;Acao;BR;ativo;Construcao;Construcao de edificios residenciais
Bunge Brasil;ON;MSAN3;Acao;BR;cancelado;Alimentos e Beb;Industria de alimentos
Bunge Brasil;PN;MSAN4;Acao;BR;cancelado;Alimentos e Beb;Industria de alimentos
Melhor SP;ON;MSPA3;Acao;BR;ativo;Papel e Celulose;Industria de produtos de papel e papelao
Melhor SP;PN;MSPA4;Acao;BR;ativo;Papel e Celulose;Industria de produtos de papel e papelao
Metodo Engenharia;ON;MTDO3;Acao;BR;cancelado;Construcao;Construcao e empreendimentos imobiliarios
Metodo Engenharia;PN;MTDO4;Acao;BR;cancelado;Construcao;Construcao e empreendimentos imobiliarios
Metodo Engenharia;PNA;MTDO5;Acao;BR;cancelado;Construcao;Construcao e empreendimentos imobiliarios
Metodo Engenharia;PNB;MTDO6;Acao;BR;cancelado;Construcao;Construcao e empreendimentos imobiliarios
Metodo Engenharia;PNC;MTDO7;Acao;BR;cancelado;Construcao;Construcao e empreendimentos imobiliarios
Metodo Engenharia;PND;MTDO8;Acao;BR;cancelado;Construcao;Construcao e empreendimentos imobiliarios
Metal Iguacu;ON;MTIG3;Acao;BR;ativo;Siderur & Metalur;Outras industrias de produtos de metal
Metal Iguacu;PN;MTIG4;Acao;BR;ativo;Siderur & Metalur;Outras industrias de produtos de metal
Metisa;ON;MTSA3;Acao;BR;ativo;Siderur & Metalur;Outras industrias de produtos de metal
Metisa;PN;MTSA4;Acao;BR;ativo;Siderur & Metalur;Outras industrias de produtos de metal
Muller;PN;MULL4;Acao;BR;cancelado;Eletroeletronicos;Industria de eletrodomesticos
Wetzel S/A;ON;MWET3;Acao;BR;ativo;Veiculos e pecas;Industria de autopecas
Wetzel S/A;PN;MWET4;Acao;BR;ativo;Veiculos e pecas;Industria de autopecas
Iochp-Maxion;ON;MYPK3;Acao;BR;ativo;Veiculos e pecas;Industria de autopecas
Iochp-Maxion;PN;MYPK4;Acao;BR;cancelado;Veiculos e pecas;Industria de autopecas
Nadir Figuei;ON;NAFG3;Acao;BR;ativo;Minerais nao Met;Industria de vidro e produtos de vidro
Nadir Figuei;PN;NAFG4;Acao;BR;ativo;Minerais nao Met;Industria de vidro e produtos de vidro
Nakata;PN;NAKT4;Acao;BR;cancelado;Veiculos e pecas;Industria de autopecas
Natura;ON;NATU3;Acao;BR;ativo;Comercio;Comercio atacadista de bens nao duraveis variados
VBC Energia;ON;NCNE3;Acao;BR;cancelado;Energia Eletrica;Geracao, transmissao e distribuicao de energia eletrica
VBC Energia;PNA;NCNE5;Acao;BR;cancelado;Energia Eletrica;Geracao, transmissao e distribuicao de energia eletrica
Newtel Part;ON;NEWT3B;Acao;BR;cancelado;Telecomunicacoes;Telecomunicacoes
Nordon Met;ON;NORD3;Acao;BR;ativo;Maquinas Indust;Industria de outros tipos de maquinas
Nortcquimica;ON;NRTQ3;Acao;BR;ativo;Quimica;Industria de remedios
Nutriplant;ON;NUTR3;Acao;BR;ativo;Quimica;Industria de fertilizantes e pesticidas
Oderich;ON;ODER3;Acao;BR;ativo;Alimentos e Beb;Industria de frutas e vegetais em conserva e comidas especiais
Oderich;PN;ODER4;Acao;BR;ativo;Alimentos e Beb;Industria de frutas e vegetais em conserva e comidas especiais
OGX Petroleo;ON;OGXP3;Acao;BR;ativo;Petroleo e Gas;Extracao de petroleo e gas
Oi;ON;OIBR3;Acao;BR;ativo;Telecomunicacoes;Telecomunicacoes
Oi;PN;OIBR4;Acao;BR;ativo;Telecomunicacoes;Telecomunicacoes
Olma;PN;OLMA4;Acao;BR;cancelado;Alimentos e Beb;Moinho de graos
Olvebra;PN;OLVB4;Acao;BR;cancelado;Alimentos e Beb;Moinho de graos
Daleth Part;ON;OPDL3B;Acao;BR;cancelado;Telecomunicacoes;Telecomunicacoes
Sul 116 Part;ON;OPTS3B;Acao;BR;cancelado;Telecomunicacoes;Telecomunicacoes
Zain Part;ON;OPZI3B;Acao;BR;cancelado;Telecomunicacoes;Telecomunicacoes
OSX Brasil;ON;OSXB3;Acao;BR;ativo;Veiculos e pecas;Estaleiros
Oxiteno;PN;OXIT4;Acao;BR;cancelado;Quimica;Industria quimica basica
Paul F Luz;ON;PALF3;Acao;BR;cancelado;Energia Eletrica;Geracao, transmissao e distribuicao de energia eletrica
Paul F Luz;PNA;PALF5;Acao;BR;cancelado;Energia Eletrica;Geracao, transmissao e distribuicao de energia eletrica
Paul F Luz;PNB;PALF6;Acao;BR;cancelado;Energia Eletrica;Geracao, transmissao e distribuicao de energia eletrica
Paul F Luz;PNC;PALF7;Acao;BR;cancelado;Energia Eletrica;Geracao, transmissao e distribuicao de energia eletrica
Panatlantica;ON;PATI3;Acao;BR;ativo;Siderur & Metalur;Transformacao de aco em produtos de aco
Panatlantica;PN;PATI4;Acao;BR;ativo;Siderur & Metalur;Transformacao de aco em produtos de aco
P.Acucar-Cbd;ON;PCAR3;Acao;BR;ativo;Comercio;Loja de departamentos
P.Acucar-Cbd;PN;PCAR4;Acao;BR;ativo;Comercio;Loja de departamentos
PDG Realt;ON;PDGR3;Acao;BR;ativo;Construcao;Construcao de edificios residenciais
Petroflex;ON;PEFX3;Acao;BR;cancelado;Quimica;Industria de fibras e borracha sinteticas, resinas e filamentos
Petroflex;PNA;PEFX5;Acao;BR;cancelado;Quimica;Industria de fibras e borracha sinteticas, resinas e filamentos
Petrobras;ON;PETR3;Acao;BR;ativo;Petroleo e Gas;Extracao de petroleo e gas
Petrobras;PN;PETR4;Acao;BR;ativo;Petroleo e Gas;Extracao de petroleo e gas
Profarma;ON;PFRM3;Acao;BR;ativo;Comercio;Comercio atacadista de remedios
Pirelli;ON;PIRE3;Acao;BR;cancelado;Eletroeletronicos;Industria de equipamentos de iluminacao eletrica
Pirelli;PN;PIRE4;Acao;BR;cancelado;Eletroeletronicos;Industria de equipamentos de iluminacao eletrica
LF Tel;ON;PITI3;Acao;BR;ativo;Telecomunicacoes;Telecomunicacoes
LF Tel;PN;PITI4;Acao;BR;cancelado;Telecomunicacoes;Telecomunicacoes
Plascar Part;ON;PLAS3;Acao;BR;ativo;Veiculos e pecas;Industria de autopecas
Plascar Part;PN;PLAS4;Acao;BR;cancelado;Veiculos e pecas;Industria de autopecas
Polialden;ON;PLDN3;Acao;BR;cancelado;Quimica;Industria quimica
Polialden;PN;PLDN4;Acao;BR;cancelado;Quimica;Industria quimica
Politeno;ON;PLTO3;Acao;BR;cancelado;Quimica;Industria quimica basica
Politeno;PNA;PLTO5;Acao;BR;cancelado;Quimica;Industria quimica basica
Politeno;PNB;PLTO6;Acao;BR;cancelado;Quimica;Industria quimica basica
Paranapanema;ON;PMAM3;Acao;BR;ativo;Siderur & Metalur;Outras industrias de produtos de metal
Paranapanema;PN;PMAM4;Acao;BR;cancelado;Siderur & Metalur;Outras industrias de produtos de metal
Pro Metalurg;ON;PMET3;Acao;BR;ativo;Veiculos e pecas;Industria de outros equipamentos de transporte
Pro Metalurg;PNA;PMET5;Acao;BR;ativo;Veiculos e pecas;Industria de outros equipamentos de transporte
Pro Metalurg;PNB;PMET6;Acao;BR;ativo;Veiculos e pecas;Industria de outros equipamentos de transporte
Prometal;PN;PMT4;Acao;BR;cancelado;Siderur & Metalur;Outras industrias de produtos de metal
Pronor;ON;PNOR3;Acao;BR;cancelado;Quimica;Industria quimica
Pronor;PNA;PNOR5;Acao;BR;cancelado;Quimica;Industria quimica
Pronor;PNB;PNOR6;Acao;BR;cancelado;Quimica;Industria quimica
Dimed;ON;PNVL3;Acao;BR;ativo;Comercio;Loja de artigos para saude e cuidados pessoais
Dimed;PN;PNVL4;Acao;BR;ativo;Comercio;Loja de artigos para saude e cuidados pessoais
Panex;PN;PNXS4;Acao;BR;cancelado;Siderur & Metalur;Outras industrias de produtos de metal
Polar;ON;POLA3;Acao;BR;cancelado;Alimentos e Beb;Industria de bebidas
Polar;PN;POLA4;Acao;BR;cancelado;Alimentos e Beb;Industria de bebidas
Marcopolo;ON;POMO3;Acao;BR;ativo;Veiculos e pecas;Industria de carrocerias e trailers
Marcopolo;PN;POMO4;Acao;BR;ativo;Veiculos e pecas;Industria de carrocerias e trailers
Polipropileno;ON;POPR3;Acao;BR;cancelado;Quimica;Industria quimica
Polipropileno;PN;POPR4;Acao;BR;cancelado;Quimica;Industria quimica
Polipropileno Parti;ON;PORP3;Acao;BR;cancelado;Quimica;Industria quimica
Polipropileno Parti;PN;PORP4;Acao;BR;cancelado;Quimica;Industria quimica
Positivo Inf;ON;POSI3;Acao;BR;ativo;Eletroeletronicos;Industria de computadores e perifericos
Petroq Uniao;ON;PQUN3;Acao;BR;cancelado;Quimica;Industria quimica
Petroq Uniao;PN;PQUN4;Acao;BR;cancelado;Quimica;Industria quimica
Paraibuna;PN;PRBN4;Acao;BR;cancelado;Siderur & Metalur;Fundicao
BRF SA;PN;PRGA4;Acao;BR;cancelado;Alimentos e Beb;Abatedouros
Proman;ON;PRMN3B;Acao;BR;cancelado;Energia Eletrica;Empresa de eletricidade, gas e agua
Persico;PN;PRSC4;Acao;BR;cancelado;Siderur & Metalur;Transformacao de aco em produtos de aco
Portx;ON;PRTX3;Acao;BR;cancelado;Transporte Servic;Atividades auxiliares ao transporte aquatico
Providencia;ON;PRVI3;Acao;BR;ativo;Quimica;Industria quimica basica
Portobello;ON;PTBL3;Acao;BR;ativo;Minerais nao Met;Industria de produtos de ceramica e refratarios
Portobello;PN;PTBL4;Acao;BR;cancelado;Minerais nao Met;Industria de produtos de ceramica e refratarios
Ipiranga Pet;ON;PTIP3;Acao;BR;cancelado;Petroleo e Gas;Comercio atacadista de petroleo e produtos de petroleo
Ipiranga Pet;PN;PTIP4;Acao;BR;cancelado;Petroleo e Gas;Comercio atacadista de petroleo e produtos de petroleo
Pettenati;ON;PTNT3;Acao;BR;ativo;Textil;Tecelagens
Pettenati;PN;PTNT4;Acao;BR;ativo;Textil;Tecelagens
Petroquisa;ON;PTQS3;Acao;BR;cancelado;Quimica;Industria quimica
Petroquisa;PN;PTQS4;Acao;BR;cancelado;Quimica;Industria quimica
Peixe;PN;PXEC4;Acao;BR;cancelado;Alimentos e Beb;Industria de laticinios
Qgep Part;ON;QGEP3;Acao;BR;ativo;Petroleo e Gas;Extracao de petroleo e gas
Quimica Geral;PN;QGNE4;Acao;BR;cancelado;Quimica;Industria quimica
Quality Soft;ON;QUSW3;Acao;BR;ativo;Software e Dados;Editoras de software
524 Particip;ON;QVQP3B;Acao;BR;cancelado;Energia Eletrica;Empresa de eletricidade, gas e agua
RaiaDrogasil;ON;RADL3;Acao;BR;ativo;Comercio;Loja de artigos para saude e cuidados pessoais
Raia;ON;RAIA3;Acao;BR;cancelado;Comercio;Loja de artigos para saude e cuidados pessoais
Celul Irani;ON;RANI3;Acao;BR;ativo;Papel e Celulose;Industria de papel , celulose e papelao
Celul Irani;PN;RANI4;Acao;BR;ativo;Papel e Celulose;Industria de papel , celulose e papelao
Randon Part;ON;RAPT3;Acao;BR;ativo;Veiculos e pecas;Industria de carrocerias e trailers
Randon Part;PN;RAPT4;Acao;BR;ativo;Veiculos e pecas;Industria de carrocerias e trailers
Klab Riocell;ON;RCLL3;Acao;BR;cancelado;Papel e Celulose;Industria de papel , celulose e papelao
Klab Riocell;PN;RCLL4;Acao;BR;cancelado;Papel e Celulose;Industria de papel , celulose e papelao
Klab Riocell;PNA;RCLL5;Acao;BR;cancelado;Papel e Celulose;Industria de papel , celulose e papelao
Klab Riocell;PNC;RCLL7;Acao;BR;cancelado;Papel e Celulose;Industria de papel , celulose e papelao
Recrusul;ON;RCSL3;Acao;BR;ativo;Veiculos e pecas;Industria de carrocerias e trailers
Recrusul;PN;RCSL4;Acao;BR;ativo;Veiculos e pecas;Industria de carrocerias e trailers
Redecard;ON;RDCD3;Acao;BR;cancelado;Software e Dados;Servicos de processamento de dados
Rodobensimob;ON;RDNI3;Acao;BR;ativo;Construcao;Construcao de edificios residenciais
Redentor;ON;RDTR3;Acao;BR;ativo;Energia Eletrica;Geracao, transmissao e distribuicao de energia eletrica
Rede Energia;ON;REDE3;Acao;BR;ativo;Energia Eletrica;Geracao, transmissao e distribuicao de energia eletrica
Rede Energia;PN;REDE4;Acao;BR;ativo;Energia Eletrica;Geracao, transmissao e distribuicao de energia eletrica
Rimet;ON;REEM3;Acao;BR;cancelado;Siderur & Metalur;Forjarias e estamparias
Rimet;PN;REEM4;Acao;BR;cancelado;Siderur & Metalur;Forjarias e estamparias
Electrolux;PN;REPA4;Acao;BR;cancelado;Eletroeletronicos;Industria de eletrodomesticos
Rio Gde Ener;ON;RGEG3;Acao;BR;cancelado;Energia Eletrica;Geracao, transmissao e distribuicao de energia eletrica
M G Poliest;ON;RHDS3;Acao;BR;ativo;Quimica;Industria quimica
M G Poliest;PN;RHDS4;Acao;BR;cancelado;Quimica;Industria quimica
Ren Hermann;PN;RHER4;Acao;BR;cancelado;Quimica;Industria de tintas e adesivos
Sid Riogran;PN;RIO4;Acao;BR;cancelado;Siderur & Metalur;Transformacao de aco em produtos de aco
Ipiranga Ref;ON;RIPI3;Acao;BR;cancelado;Petroleo e Gas;Industria de produtos de petroleo e carvao
Ipiranga Ref;PN;RIPI4;Acao;BR;cancelado;Petroleo e Gas;Industria de produtos de petroleo e carvao
Renar;ON;RNAR3;Acao;BR;ativo;Agro e Pesca;Cultivo de frutas e nozes
Renova;UNT N2;RNEW11;Acao;BR;ativo;Energia Eletrica;Geracao, transmissao e distribuicao de energia eletrica
Renova;ON;RNEW3;Acao;BR;ativo;Energia Eletrica;Geracao, transmissao e distribuicao de energia eletrica
Renova;PN;RNEW4;Acao;BR;ativo;Energia Eletrica;Geracao, transmissao e distribuicao de energia eletrica
Inds Romi;ON;ROMI3;Acao;BR;ativo;Maquinas Indust;Industria de maquinas industriais
Inds Romi;PN;ROMI4;Acao;BR;cancelado;Maquinas Indust;Industria de maquinas industriais
Amadeo Rossi;PN;ROSI4;Acao;BR;cancelado;Siderur & Metalur;Outras industrias de produtos de metal
Pet Manguinh;ON;RPMG3;Acao;BR;ativo;Petroleo e Gas;Industria de produtos de petroleo e carvao
Pet Manguinh;PN;RPMG4;Acao;BR;ativo;Petroleo e Gas;Industria de produtos de petroleo e carvao
Ripasa;ON;RPSA3;Acao;BR;cancelado;Papel e Celulose;Industria de papel , celulose e papelao
Ripasa;PN;RPSA4;Acao;BR;cancelado;Papel e Celulose;Industria de papel , celulose e papelao
Rossi Resid;ON;RSID3;Acao;BR;ativo;Construcao;Construcao de edificios residenciais
Rasip Agro;ON;RSIP3;Acao;BR;cancelado;Agro e Pesca;Cultivo de frutas e nozes
Rasip Agro;PN;RSIP4;Acao;BR;cancelado;Agro e Pesca;Cultivo de frutas e nozes
Riosulense;ON;RSUL3;Acao;BR;ativo;Veiculos e pecas;Industria de autopecas
Riosulense;PN;RSUL4;Acao;BR;ativo;Veiculos e pecas;Industria de autopecas
Sv Engenhar;PN;SAD4;Acao;BR;cancelado;Construcao;Empreiteiro de outros servicos de construcao
Agroceres;PN;SAGR4;Acao;BR;cancelado;Quimica;Industria de fertilizantes e pesticidas
Seara Alim;ON;SALM3;Acao;BR;cancelado;Alimentos e Beb;Abatedouros
Seara Alim;PN;SALM4;Acao;BR;cancelado;Alimentos e Beb;Abatedouros
Samitri;PN;SAMI4;Acao;BR;cancelado;Mineracao;Mineracao de metais
Schlosser;ON;SCLO3;Acao;BR;ativo;Textil;Tecelagens
Schlosser;PN;SCLO4;Acao;BR;ativo;Textil;Tecelagens
Sadia S/A;ON;SDIA3;Acao;BR;cancelado;Alimentos e Beb;Abatedouros
Sadia S/A;PN;SDIA4;Acao;BR;cancelado;Alimentos e Beb;Abatedouros
Semp;ON;SEMP3;Acao;BR;cancelado;Eletroeletronicos;Industria de equipamentos de audio e video
Wlm Ind Com;ON;SGAS3;Acao;BR;ativo;Comercio;Concessionarias de outros veiculos motorizados
Wlm Ind Com;PN;SGAS4;Acao;BR;ativo;Comercio;Concessionarias de outros veiculos motorizados
Sergen;ON;SGEN3;Acao;BR;ativo;Construcao;Outras construcoes pesadas
Sergen;PN;SGEN4;Acao;BR;ativo;Construcao;Outras construcoes pesadas
Springs;ON;SGPS3;Acao;BR;ativo;Textil;Industria de roupas de tecido
Sharp;PN;SHAP4;Acao;BR;cancelado;Eletroeletronicos;Industria de eletrodomesticos
Shoptime;ON;SHTM3;Acao;BR;cancelado;Comercio;Vendas por correio ou meio eletronico
Shoptime;PN;SHTM4;Acao;BR;cancelado;Comercio;Vendas por correio ou meio eletronico
Schulz;ON;SHUL3;Acao;BR;ativo;Veiculos e pecas;Industria de autopecas
Schulz;PN;SHUL4;Acao;BR;ativo;Veiculos e pecas;Industria de autopecas
Sibra;PNC;SIBR7;Acao;BR;cancelado;Siderur & Metalur;Fundicao
Sifco;PN;SIFC4;Acao;BR;cancelado;Veiculos e pecas;Industria de autopecas
Tecel S Jose;ON;SJOS3;Acao;BR;ativo;Textil;Tecelagens
Tecel S Jose;PN;SJOS4;Acao;BR;ativo;Textil;Tecelagens
Sola;PN;SLAL4;Acao;BR;cancelado;Alimentos e Beb;Abatedouros
Sole Comex;ON;SLBR3;Acao;BR;cancelado;Comercio;Loja de utensilios eletronicos
Sole Comex;PN;SLBR4;Acao;BR;cancelado;Comercio;Loja de utensilios eletronicos
SLC Agricola;ON;SLCE3;Acao;BR;ativo;Agro e Pesca;Agricultura
Selectpart;ON;SLCT3B;Acao;BR;cancelado;Telecomunicacoes;Telecomunicacoes
Sao Martinho;ON;SMTO3;Acao;BR;ativo;Alimentos e Beb;Industria de acucar e produtos de confeitaria
Senior Sol;ON;SNSL3;Acao;BR;ativo;Software e Dados;Editoras de software
Cargill Fertilizant;PN;SOLO4;Acao;BR;cancelado;Quimica;Industria de fertilizantes e pesticidas
Spel Empreendim;ON;SPEL3;Acao;BR;cancelado;Construcao;Construcao de edificios residenciais
Spel Empreendim;PNA;SPEL5;Acao;BR;cancelado;Construcao;Construcao de edificios residenciais
Springer;ON;SPRI3;Acao;BR;ativo;Eletroeletronicos;Industria de eletrodomesticos
Springer;PNA;SPRI5;Acao;BR;ativo;Eletroeletronicos;Industria de eletrodomesticos
Springer;PNB;SPRI6;Acao;BR;ativo;Eletroeletronicos;Industria de eletrodomesticos
Santos Brp;UNT N2;STBP11;Acao;BR;ativo;Transporte Servic;Atividades auxiliares ao transporte aquatico
Santos Brp;ON;STBP3;Acao;BR;ativo;Transporte Servic;Atividades auxiliares ao transporte aquatico
Santos Brp;PN;STBP4;Acao;BR;ativo;Transporte Servic;Atividades auxiliares ao transporte aquatico
Santos Bras;UNT N2;STBR11;Acao;BR;cancelado;Transporte Servic;Atividades auxiliares ao transporte aquatico
Santos Bras;ON;STBR3;Acao;BR;cancelado;Transporte Servic;Atividades auxiliares ao transporte aquatico
Santos Bras;PN;STBR4;Acao;BR;cancelado;Transporte Servic;Atividades auxiliares ao transporte aquatico
Botucatu Tex;ON;STRP3;Acao;BR;cancelado;Textil;Industria de roupas de tecido
Botucatu Tex;PN;STRP4;Acao;BR;cancelado;Textil;Industria de roupas de tecido
Submarino;ON;SUBA3;Acao;BR;cancelado;Comercio;Vendas por correio ou meio eletronico
Sultepa;ON;SULT3;Acao;BR;ativo;Construcao;Construcao de estradas, ruas, pontes e tuneis
Sultepa;PN;SULT4;Acao;BR;ativo;Construcao;Construcao de estradas, ruas, pontes e tuneis
Suzano Papel;ON;SUZB3;Acao;BR;ativo;Papel e Celulose;Industria de papel , celulose e papelao
Suzano Papel;PNA;SUZB5;Acao;BR;ativo;Papel e Celulose;Industria de papel , celulose e papelao
Suzano Papel;PNB;SUZB6;Acao;BR;ativo;Papel e Celulose;Industria de papel , celulose e papelao
Quattor Petr;ON;SZPQ3;Acao;BR;cancelado;Quimica;Industria quimica
Quattor Petr;PN;SZPQ4;Acao;BR;cancelado;Quimica;Industria quimica
Taesa;UNT N2;TAEE11;Acao;BR;ativo;Energia Eletrica;Geracao, transmissao e distribuicao de energia eletrica
Taesa;ON;TAEE3;Acao;BR;ativo;Energia Eletrica;Geracao, transmissao e distribuicao de energia eletrica
Taesa;PN;TAEE4;Acao;BR;ativo;Energia Eletrica;Geracao, transmissao e distribuicao de energia eletrica
Tam S/A;ON;TAMM3;Acao;BR;cancelado;Transporte Servic;Transporte aereo regular
Tam S/A;PN;TAMM4;Acao;BR;cancelado;Transporte Servic;Transporte aereo regular
Tam Transp;PN;TAMR4;Acao;BR;cancelado;Transporte Servic;Transporte aereo regular
Telebahia Celular;ON;TBAC3;Acao;BR;cancelado;Telecomunicacoes;Telecomunicacoes
Telebahia Celular;PNB;TBAC6;Acao;BR;cancelado;Telecomunicacoes;Telecomunicacoes
Tel B Campo;PN;TBCP4;Acao;BR;cancelado;Telecomunicacoes;Telecomunicacoes
Tractebel;ON;TBLE3;Acao;BR;ativo;Energia Eletrica;Geracao, transmissao e distribuicao de energia eletrica
Tractebel;PNA;TBLE5;Acao;BR;cancelado;Energia Eletrica;Geracao, transmissao e distribuicao de energia eletrica
Tractebel;PNB;TBLE6;Acao;BR;cancelado;Energia Eletrica;Geracao, transmissao e distribuicao de energia eletrica
Telebrasilia;ON;TBRS3;Acao;BR;cancelado;Telecomunicacoes;Telecomunicacoes
Telebrasilia;PN;TBRS4;Acao;BR;cancelado;Telecomunicacoes;Telecomunicacoes
Tele Centroeste Cel;ON;TCOC3;Acao;BR;cancelado;Telecomunicacoes;Telecomunicacoes
Tele Centroeste Cel;PN;TCOC4;Acao;BR;cancelado;Telecomunicacoes;Telecomunicacoes
Tecnisa;ON;TCSA3;Acao;BR;ativo;Construcao;Construcao de edificios residenciais
Tim Part S/A;PN;TCSL4;Acao;BR;cancelado;Telecomunicacoes;Telecomunicacoes
Telefonica Data Hld;ON;TDBH3;Acao;BR;cancelado;Telecomunicacoes;Telecomunicacoes
Telefonica Data Hld;PN;TDBH4;Acao;BR;cancelado;Telecomunicacoes;Telecomunicacoes
Telebahia;ON;TEBA3;Acao;BR;cancelado;Telecomunicacoes;Telecomunicacoes
Telebahia;PNA;TEBA5;Acao;BR;cancelado;Telecomunicacoes;Telecomunicacoes
Telebahia;PNB;TEBA6;Acao;BR;cancelado;Telecomunicacoes;Telecomunicacoes
Teka;ON;TEKA3;Acao;BR;ativo;Textil;Industria de roupas de tecido
Teka;PN;TEKA4;Acao;BR;ativo;Textil;Industria de roupas de tecido
Telebras;ON;TELB3;Acao;BR;ativo;Telecomunicacoes;Telecomunicacoes
Telebras (Old);ON;TELB3-old;Acao;BR;cancelado;Telecomunicacoes;Telecomunicacoes
Telebras;PN;TELB4;Acao;BR;ativo;Telecomunicacoes;Telecomunicacoes
Telebras (Old);PN;TELB4-old;Acao;BR;cancelado;Telecomunicacoes;Telecomunicacoes
Tenda;ON;TEND3;Acao;BR;cancelado;Construcao;Construcao de edificios residenciais
Tec Blumenau;ON;TENE3;Acao;BR;ativo;Textil;Industria de roupas de tecido
Tec Blumenau;PNA;TENE5;Acao;BR;ativo;Textil;Industria de roupas de tecido
Tec Blumenau;PNB;TENE6;Acao;BR;ativo;Textil;Industria de roupas de tecido
Tec Blumenau;PNC;TENE7;Acao;BR;ativo;Textil;Industria de roupas de tecido
Tereos;ON;TERI3;Acao;BR;ativo;Alimentos e Beb;Industria de acucar e produtos de confeitaria
Telet;ON;TETE3;Acao;BR;cancelado;Telecomunicacoes;Telecomunicacoes
Telet;PNB;TETE6;Acao;BR;cancelado;Telecomunicacoes;Telecomunicacoes
Tegma;ON;TGMA3;Acao;BR;ativo;Transporte Servic;Atividades auxiliares ao transporte
Millennium;ON;TIBR3;Acao;BR;ativo;Quimica;Industria quimica
Millennium;PNA;TIBR5;Acao;BR;ativo;Quimica;Industria quimica
Millennium;PNB;TIBR6;Acao;BR;ativo;Quimica;Industria quimica
Tim Part S/A;ON;TIMP3;Acao;BR;ativo;Telecomunicacoes;Telecomunicacoes
Tekno;ON;TKNO3;Acao;BR;ativo;Siderur & Metalur;Outras industrias de produtos de metal
Tekno;PN;TKNO4;Acao;BR;ativo;Siderur & Metalur;Outras industrias de produtos de metal
Tele Leste Celular;ON;TLCP3;Acao;BR;cancelado;Telecomunicacoes;Telecomunicacoes
Tele Leste Celular;PN;TLCP4;Acao;BR;cancelado;Telecomunicacoes;Telecomunicacoes
Telesp Part;ON;TLPP3F;Acao;BR;cancelado;Telecomunicacoes;Telecomunicacoes
Telesp Part;PN;TLPP4F;Acao;BR;cancelado;Telecomunicacoes;Telecomunicacoes
Telinvest;ON;TLVT3B;Acao;BR;cancelado;Telecomunicacoes;Telecomunicacoes
Amazonia Celular;PNE;TMAC11B;Acao;BR;cancelado;Telecomunicacoes;Telecomunicacoes
Amazonia Celular;ON;TMAC3B;Acao;BR;cancelado;Telecomunicacoes;Telecomunicacoes
Amazonia Celular;PNA;TMAC5B;Acao;BR;cancelado;Telecomunicacoes;Telecomunicacoes
Amazonia Celular;PNB;TMAC6B;Acao;BR;cancelado;Telecomunicacoes;Telecomunicacoes
Amazonia Celular;PNC;TMAC7B;Acao;BR;cancelado;Telecomunicacoes;Telecomunicacoes
Amazonia Celular;PND;TMAC8B;Acao;BR;cancelado;Telecomunicacoes;Telecomunicacoes
Telemar N L;ON;TMAR3;Acao;BR;cancelado;Telecomunicacoes;Telecomunicacoes
Telemar N L;PNA;TMAR5;Acao;BR;cancelado;Telecomunicacoes;Telecomunicacoes
Telemar N L;PNB;TMAR6;Acao;BR;cancelado;Telecomunicacoes;Telecomunicacoes
Telemig Part;ON;TMCP3;Acao;BR;cancelado;Telecomunicacoes;Telecomunicacoes
Telemig Part;PN;TMCP4;Acao;BR;cancelado;Telecomunicacoes;Telecomunicacoes
Telemig Cl;PNE;TMGC11;Acao;BR;cancelado;Telecomunicacoes;Telecomunicacoes
Telemig Cl;PNF;TMGC12;Acao;BR;cancelado;Telecomunicacoes;Telecomunicacoes
Telemig Cl;PNG;TMGC13;Acao;BR;cancelado;Telecomunicacoes;Telecomunicacoes
Telemig Cl;ON;TMGC3;Acao;BR;cancelado;Telecomunicacoes;Telecomunicacoes
Telemig Cl;PNB;TMGC6;Acao;BR;cancelado;Telecomunicacoes;Telecomunicacoes
Telemig Cl;PNC;TMGC7;Acao;BR;cancelado;Telecomunicacoes;Telecomunicacoes
Telemig Cl;PND;TMGC8;Acao;BR;cancelado;Telecomunicacoes;Telecomunicacoes
Telemig;ON;TMGR3;Acao;BR;cancelado;Telecomunicacoes;Telecomunicacoes
Telemig;PNB;TMGR6;Acao;BR;cancelado;Telecomunicacoes;Telecomunicacoes
Tele Nort Cl;ON;TNCP3;Acao;BR;cancelado;Telecomunicacoes;Telecomunicacoes
Tele Nort Cl;PN;TNCP4;Acao;BR;cancelado;Telecomunicacoes;Telecomunicacoes
Tele Nordeste Celul;ON;TNEP3;Acao;BR;cancelado;Telecomunicacoes;Telecomunicacoes
Tele Nordeste Celul;PN;TNEP4;Acao;BR;cancelado;Telecomunicacoes;Telecomunicacoes
Telemar;ON;TNLP3;Acao;BR;cancelado;Telecomunicacoes;Telecomunicacoes
Telemar;PN;TNLP4;Acao;BR;cancelado;Telecomunicacoes;Telecomunicacoes
Totvs;ON;TOTS3;Acao;BR;ativo;Software e Dados;Editoras de software
Tim Nordeste;ON;TPEC3B;Acao;BR;cancelado;Telecomunicacoes;Telecomunicacoes
Tim Nordeste;PNB;TPEC6B;Acao;BR;cancelado;Telecomunicacoes;Telecomunicacoes
Tim Nordeste;PNC;TPEC7B;Acao;BR;cancelado;Telecomunicacoes;Telecomunicacoes
Tim Nordeste;PND;TPEC8B;Acao;BR;cancelado;Telecomunicacoes;Telecomunicacoes
Triunfo Part;ON;TPIS3;Acao;BR;ativo;Transporte Servic;Atividades auxiliares ao transporte rodoviario
Tim Sul;ON;TPRC3;Acao;BR;cancelado;Telecomunicacoes;Telecomunicacoes
Tim Sul;PNB;TPRC6;Acao;BR;cancelado;Telecomunicacoes;Telecomunicacoes
Transbrasil;PN;TRBR4;Acao;BR;cancelado;Transporte Servic;Transporte aereo regular
Trafo;ON;TRFO3;Acao;BR;cancelado;Eletroeletronicos;Industria de equipamentos para geracao e distribuicao de energia
Trafo;PN;TRFO4;Acao;BR;cancelado;Eletroeletronicos;Industria de equipamentos para geracao e distribuicao de energia
Enxuta;PN;TRIC4;Acao;BR;cancelado;Eletroeletronicos;Industria de eletrodomesticos
Trisul;ON;TRIS3;Acao;BR;ativo;Construcao;Construcao de edificios residenciais
Telerj Cel;PNB;TRJC6;Acao;BR;cancelado;Telecomunicacoes;Telecomunicacoes
Trorion;ON;TROR3;Acao;BR;cancelado;Quimica;Industria quimica
Trorion;PN;TROR4;Acao;BR;cancelado;Quimica;Industria quimica
Transparana;PN;TRPA4;Acao;BR;cancelado;Comercio;Concessionarias de outros veiculos motorizados
Tran Paulist;ON;TRPL3;Acao;BR;ativo;Energia Eletrica;Geracao, transmissao e distribuicao de energia eletrica
Tran Paulist;PN;TRPL4;Acao;BR;ativo;Energia Eletrica;Geracao, transmissao e distribuicao de energia eletrica
Tele Sudeste Celula;ON;TSEP3;Acao;BR;cancelado;Telecomunicacoes;Telecomunicacoes
Tele Sudeste Celula;PN;TSEP4;Acao;BR;cancelado;Telecomunicacoes;Telecomunicacoes
Telesp Cel;ON;TSPC3;Acao;BR;cancelado;Telecomunicacoes;Telecomunicacoes
Telesp Cel;PNB;TSPC6;Acao;BR;cancelado;Telecomunicacoes;Telecomunicacoes
Tupy;ON;TUPY3;Acao;BR;ativo;Veiculos e pecas;Industria de autopecas
Tupy;PN;TUPY4;Acao;BR;cancelado;Veiculos e pecas;Industria de autopecas
Tex Renaux;ON;TXRX3;Acao;BR;ativo;Textil;Tecelagens
Tex Renaux;PN;TXRX4;Acao;BR;ativo;Textil;Tecelagens
Usin C Pinto;ON;UCOP3;Acao;BR;cancelado;Alimentos e Beb;Industria de acucar e produtos de confeitaria
Usin C Pinto;PN;UCOP4;Acao;BR;cancelado;Alimentos e Beb;Industria de acucar e produtos de confeitaria
Ultrapar;ON;UGPA3;Acao;BR;ativo;Quimica;Industria quimica
Ultrapar;PN;UGPA4;Acao;BR;cancelado;Quimica;Industria quimica
Unipar;ON;UNIP3;Acao;BR;ativo;Quimica;Industria quimica
Unipar;PNA;UNIP5;Acao;BR;ativo;Quimica;Industria quimica
Unipar;PNB;UNIP6;Acao;BR;ativo;Quimica;Industria quimica
Uol;ON;UOLL3;Acao;BR;cancelado;Software e Dados;Servicos de informacao
Uol;PN;UOLL4;Acao;BR;cancelado;Software e Dados;Servicos de informacao
Uptick;ON;UPKP3B;Acao;BR;cancelado;Energia Eletrica;Empresa de eletricidade, gas e agua
Usiminas;ON;USIM3;Acao;BR;ativo;Siderur & Metalur;Transformacao de aco em produtos de aco
Usiminas;PNA;USIM5;Acao;BR;ativo;Siderur & Metalur;Transformacao de aco em produtos de aco
Usiminas;PNB;USIM6;Acao;BR;ativo;Siderur & Metalur;Transformacao de aco em produtos de aco
Savarg;ON;VAGV3;Acao;BR;cancelado;Transporte Servic;Transporte aereo regular
Savarg;PN;VAGV4;Acao;BR;cancelado;Transporte Servic;Transporte aereo regular
Vale;ON;VALE3;Acao;BR;ativo;Mineracao;Mineracao de metais
Vale;PNA;VALE5;Acao;BR;ativo;Mineracao;Mineracao de metais
Vasp;ON;VASP3;Acao;BR;cancelado;Transporte Servic;Transporte aereo regular
Fibria;PN;VCPA4;Acao;BR;cancelado;Papel e Celulose;Industria de papel , celulose e papelao
Vigor;ON;VGOR3;Acao;BR;cancelado;Alimentos e Beb;Industria de laticinios
Vigor;PN;VGOR4;Acao;BR;cancelado;Alimentos e Beb;Industria de laticinios
Vigor Food;ON;VIGR3;Acao;BR;ativo;Alimentos e Beb;Industria de laticinios
Vicunha Text;ON;VINE3;Acao;BR;cancelado;Textil;Tecelagens
Vicunha Text;PNA;VINE5;Acao;BR;cancelado;Textil;Tecelagens
Vicunha Text;PNB;VINE6;Acao;BR;cancelado;Textil;Tecelagens
Vivo;ON;VIVO3;Acao;BR;cancelado;Telecomunicacoes;Telecomunicacoes
Vivo;PN;VIVO4;Acao;BR;cancelado;Telecomunicacoes;Telecomunicacoes
Viver;ON;VIVR3;Acao;BR;ativo;Construcao;Construcao de edificios residenciais
Telef Brasil;ON;VIVT3;Acao;BR;ativo;Telecomunicacoes;Telecomunicacoes
Telef Brasil;PN;VIVT4;Acao;BR;ativo;Telecomunicacoes;Telecomunicacoes
Varig Serv;ON;VPSC3;Acao;BR;cancelado;Transporte Servic;Atividades auxiliares ao transporte aereo
Varig Serv;PN;VPSC4;Acao;BR;cancelado;Transporte Servic;Atividades auxiliares ao transporte aereo
Ivi;PN;VRLM4;Acao;BR;cancelado;Veiculos e pecas;Estaleiros
S Gobain Vidro;ON;VSMA3;Acao;BR;cancelado;Minerais nao Met;Industria de vidro e produtos de vidro
Votec;PN;VTEC4;Acao;BR;cancelado;Transporte Servic;Taxi aereo
Vulcabras;ON;VULC3;Acao;BR;ativo;Textil;Industria de calcados
Vulcabras;PN;VULC4;Acao;BR;cancelado;Textil;Industria de calcados
Viavarejo;UNT N2;VVAR11;Acao;BR;ativo;Comercio;Loja de departamentos
Viavarejo;ON;VVAR3;Acao;BR;ativo;Comercio;Loja de departamentos
Viavarejo;PN;VVAR4;Acao;BR;ativo;Comercio;Loja de departamentos
Weg;ON;WEGE3;Acao;BR;ativo;Maquinas Indust;Industria de motores, turbinas e transmissores de energia
Weg;PN;WEGE4;Acao;BR;cancelado;Maquinas Indust;Industria de motores, turbinas e transmissores de energia
Wentex;PN;WET4;Acao;BR;cancelado;Textil;Outras industrias de tecidos
White Martins;ON;WHMT3;Acao;BR;cancelado;Quimica;Industria quimica basica
Whirlpool;ON;WHRL3;Acao;BR;ativo;Eletroeletronicos;Industria de eletrodomesticos
Whirlpool;PN;WHRL4;Acao;BR;ativo;Eletroeletronicos;Industria de eletrodomesticos
Wiest;ON;WISA3;Acao;BR;cancelado;Veiculos e pecas;Industria de autopecas
Wiest;PN;WISA4;Acao;BR;cancelado;Veiculos e pecas;Industria de autopecas
Wembley;ON;WMBY3;Acao;BR;ativo;Textil;Industria de roupas de tecido
Wembley;PN;WMBY4;Acao;BR;cancelado;Textil;Industria de roupas de tecido
Zivi;PN;ZIVI4;Acao;BR;cancelado;Siderur & Metalur;Industria de ferramentas de metal nao motorizadas e cutelaria
Abril Educa;UNT N2;ABRE11;Acao;BR;ativo;Outros;Outros tipos de escolas
Anhanguera;UNT N2;AEDU11;Acao;BR;cancelado;Outros;Escola de ensino superior
Anhanguera;ON;AEDU3;Acao;BR;cancelado;Outros;Escola de ensino superior
Anhanguera;PN;AEDU4;Acao;BR;cancelado;Outros;Escola de ensino superior
SPturis;ON;AHEB3;Acao;BR;ativo;Outros;Outros servicos de apoio
SPturis;PNA;AHEB5;Acao;BR;ativo;Outros;Outros servicos de apoio
SPturis;PNB;AHEB6;Acao;BR;ativo;Outros;Outros servicos de apoio
Alef S/A;ON;ALEF3B;Acao;BR;cancelado;Outros;Administracao de empresas e empreendimentos
Aliansce;ON;ALSC3;Acao;BR;ativo;Outros;Locadora de imoveis
Amil;ON;AMIL3;Acao;BR;cancelado;Outros;Outros servicos ambulatoriais de saude
Anima;ON;ANIM3;Acao;BR;ativo;Outros;Educacao
A P Participacoes;ON;APPA3;Acao;BR;cancelado;Outros;Administracao de empresas e empreendimentos
A P Participacoes;PN;APPA4;Acao;BR;cancelado;Outros;Administracao de empresas e empreendimentos
Arthur Lange;ON;ARLA3;Acao;BR;cancelado;Outros;Manufatura de outros artigos de couro e afins
Arthur Lange;PN;ARLA4;Acao;BR;cancelado;Outros;Manufatura de outros artigos de couro e afins
Eldorado;ON;ASSM3;Acao;BR;cancelado;Outros;Hotel, motel ou similar
Eldorado;PN;ASSM4;Acao;BR;cancelado;Outros;Hotel, motel ou similar
Bahema;ON;BAHI3;Acao;BR;ativo;Outros;Administracao de empresas e empreendimentos
Bahema;PN;BAHI4;Acao;BR;cancelado;Outros;Administracao de empresas e empreendimentos
Baumer;ON;BALM3;Acao;BR;ativo;Outros;Industria de equipamentos e materiais para uso medico
Baumer;PN;BALM4;Acao;BR;ativo;Outros;Industria de equipamentos e materiais para uso medico
BR Brokers;ON;BBRK3;Acao;BR;ativo;Outros;Atividades relacionadas a imoveis
Bergamo;ON;BERG3;Acao;BR;cancelado;Outros;Industria de produtos de madeira compensada e afins
Bergamo;PNA;BERG5;Acao;BR;cancelado;Outros;Industria de produtos de madeira compensada e afins
Brazilian Fr;ON;BFRE3;Acao;BR;cancelado;Outros;Administracao de empresas e empreendimentos
BHG;ON;BHGR3;Acao;BR;ativo;Outros;Outras industrias da recreacao
Biomm;ON;BIOM3;Acao;BR;ativo;Outros;Pesquisa cientifica
Biomm;PN;BIOM4;Acao;BR;cancelado;Outros;Pesquisa cientifica
Bradespar;ON;BRAP3;Acao;BR;ativo;Outros;Administracao de empresas e empreendimentos
Bradespar;PN;BRAP4;Acao;BR;ativo;Outros;Administracao de empresas e empreendimentos
Alfa Consorc;PNE;BRGE11;Acao;BR;ativo;Outros;Administracao de empresas e empreendimentos
Alfa Consorc;PNF;BRGE12;Acao;BR;ativo;Outros;Administracao de empresas e empreendimentos
Alfa Consorc;ON;BRGE3;Acao;BR;ativo;Outros;Administracao de empresas e empreendimentos
Alfa Consorc;PNA;BRGE5;Acao;BR;ativo;Outros;Administracao de empresas e empreendimentos
Alfa Consorc;PNB;BRGE6;Acao;BR;ativo;Outros;Administracao de empresas e empreendimentos
Alfa Consorc;PNC;BRGE7;Acao;BR;ativo;Outros;Administracao de empresas e empreendimentos
Alfa Consorc;PND;BRGE8;Acao;BR;ativo;Outros;Administracao de empresas e empreendimentos
BR Malls Par;ON;BRML3;Acao;BR;ativo;Outros;Locadora de imoveis
BR Propert;ON;BRPR3;Acao;BR;ativo;Outros;Locadora de imoveis
Cabambiental;ON;CABB3;Acao;BR;ativo;Outros;Agua, esgoto e outros sistemas
Cabinda Part;ON;CABI3B;Acao;BR;cancelado;Outros;Administracao de empresas e empreendimentos
Caconde Part;ON;CACO3B;Acao;BR;cancelado;Outros;Administracao de empresas e empreendimentos
Caconde Part;PNA;CACO5B;Acao;BR;cancelado;Outros;Administracao de empresas e empreendimentos
Caconde Part;PNB;CACO6B;Acao;BR;cancelado;Outros;Administracao de empresas e empreendimentos
Caianda Part;ON;CAIA3B;Acao;BR;cancelado;Outros;Administracao de empresas e empreendimentos
Caianda Part;PNB;CAIA6B;Acao;BR;cancelado;Outros;Administracao de empresas e empreendimentos
Agpart;ON;CANT3B;Acao;BR;cancelado;Outros;Administracao de empresas e empreendimentos
Agpart;PN;CANT4B;Acao;BR;cancelado;Outros;Administracao de empresas e empreendimentos
Csu Cardsyst;ON;CARD3;Acao;BR;ativo;Outros;Servicos de apoio a empresas
Casan;ON;CASN3;Acao;BR;ativo;Outros;Agua, esgoto e outros sistemas
Casan;PN;CASN4;Acao;BR;ativo;Outros;Agua, esgoto e outros sistemas
Ban Armazens;ON;CBAG3;Acao;BR;cancelado;Outros;Servico de armazenamento
Corbetta;PN;CBTA4;Acao;BR;cancelado;Outros;Curtumes
Cyre Com-Ccp;ON;CCPR3;Acao;BR;ativo;Outros;Locadora de imoveis
Celm;ON;CELM3;Acao;BR;cancelado;Outros;Industria de equipamentos e materiais para uso medico
Cma Part;ON;CMMA3;Acao;BR;cancelado;Outros;TV a cabo
Cma Part;PN;CMMA4;Acao;BR;cancelado;Outros;TV a cabo
Cims;ON;CMSA3;Acao;BR;ativo;Outros;Administracao de empresas e empreendimentos
Cims;PN;CMSA4;Acao;BR;ativo;Outros;Administracao de empresas e empreendimentos
Coari Part;ON;COAR3;Acao;BR;cancelado;Outros;Administracao de empresas e empreendimentos
Coari Part;PN;COAR4;Acao;BR;cancelado;Outros;Administracao de empresas e empreendimentos
Cor Ribeiro;ON;CORR3;Acao;BR;ativo;Outros;Administracao de empresas e empreendimentos
Cor Ribeiro;PN;CORR4;Acao;BR;ativo;Outros;Administracao de empresas e empreendimentos
Souza Cruz;ON;CRUZ3;Acao;BR;ativo;Outros;Industria de fumo
Copasa;ON;CSMG3;Acao;BR;ativo;Outros;Agua, esgoto e outros sistemas
Contax;UNT N2;CTAX11;Acao;BR;ativo;Outros;Servicos de apoio a empresas
Contax;ON;CTAX3;Acao;BR;ativo;Outros;Servicos de apoio a empresas
Contax;PN;CTAX4;Acao;BR;ativo;Outros;Servicos de apoio a empresas
Blue Tree;ON;CTWR3;Acao;BR;cancelado;Outros;Hotel, motel ou similar
Ceval Part;ON;CVPT3;Acao;BR;cancelado;Outros;Administracao de empresas e empreendimentos
Ceval Part;PN;CVPT4;Acao;BR;cancelado;Outros;Administracao de empresas e empreendimentos
Dasa;ON;DASA3;Acao;BR;ativo;Outros;Laboratorio de exames medicos
D F Vasconc;ON;DFVA3;Acao;BR;cancelado;Outros;Outras outras industrias
D F Vasconc;PN;DFVA4;Acao;BR;cancelado;Outros;Outras outras industrias
Dijon;ON;DJON3;Acao;BR;cancelado;Outros;Outros servicos (exceto administracao publica)
Dijon;PN;DJON4;Acao;BR;cancelado;Outros;Outros servicos (exceto administracao publica)
Docas;ON;DOCA3;Acao;BR;ativo;Outros;Administracao de empresas e empreendimentos
Docas;PN;DOCA4;Acao;BR;ativo;Outros;Administracao de empresas e empreendimentos
Dtcom Direct;ON;DTCY3;Acao;BR;ativo;Outros;Outros tipos de escolas
Dtcom Direct;PN;DTCY4;Acao;BR;ativo;Outros;Outros tipos de escolas
Duratex;ON;DTEX3;Acao;BR;ativo;Outros;Industria de moveis e afins
Duratex-Old;ON;DURA3;Acao;BR;cancelado;Outros;Outras industria de artigos de madeira
Duratex-Old;PN;DURA4;Acao;BR;cancelado;Outros;Outras industria de artigos de madeira
Dixie Toga;ON;DXTG3;Acao;BR;cancelado;Outros;Industria de produtos de plastico
Dixie Toga;PN;DXTG4;Acao;BR;cancelado;Outros;Industria de produtos de plastico
Estacio Part;UNT N2;ESTC11;Acao;BR;cancelado;Outros;Escola de ensino superior
Estacio Part;ON;ESTC3;Acao;BR;ativo;Outros;Escola de ensino superior
Estacio Part;PN;ESTC4;Acao;BR;cancelado;Outros;Escola de ensino superior
Estrela;ON;ESTR3;Acao;BR;ativo;Outros;Outras outras industrias
Estrela;PN;ESTR4;Acao;BR;ativo;Outros;Outras outras industrias
Eletron;ON;ETRO3B;Acao;BR;cancelado;Outros;Administracao de empresas e empreendimentos
Eucatex;ON;EUCA3;Acao;BR;ativo;Outros;Industria de produtos de madeira compensada e afins
Eucatex;PN;EUCA4;Acao;BR;ativo;Outros;Industria de produtos de madeira compensada e afins
Invest Bemge;ON;FIGE3;Acao;BR;ativo;Outros;Administracao de empresas e empreendimentos
Invest Bemge;PN;FIGE4;Acao;BR;ativo;Outros;Administracao de empresas e empreendimentos
Fleury;ON;FLRY3;Acao;BR;ativo;Outros;Laboratorio de exames medicos
Futuretel;ON;FTRT3B;Acao;BR;cancelado;Outros;Administracao de empresas e empreendimentos
Glasslite;PN;GLAS4;Acao;BR;cancelado;Outros;Outras outras industrias
GPC Part;ON;GPCP3;Acao;BR;ativo;Outros;Administracao de empresas e empreendimentos
Grucai;ON;GRUC3;Acao;BR;ativo;Outros;Administracao de empresas e empreendimentos
Grucai;PNB;GRUC6;Acao;BR;ativo;Outros;Administracao de empresas e empreendimentos
Generalshopp;ON;GSHP3;Acao;BR;ativo;Outros;Locadora de imoveis
Habitasul;ON;HBTS3;Acao;BR;ativo;Outros;Administracao de empresas e empreendimentos
Habitasul;PNA;HBTS5;Acao;BR;ativo;Outros;Administracao de empresas e empreendimentos
Habitasul;PNB;HBTS6;Acao;BR;ativo;Outros;Administracao de empresas e empreendimentos
Hoteis Othon;ON;HOOT3;Acao;BR;ativo;Outros;Hotel, motel ou similar
Hoteis Othon;PN;HOOT4;Acao;BR;ativo;Outros;Hotel, motel ou similar
Harpia Part;ON;HPIA3;Acao;BR;ativo;Outros;Administracao de empresas e empreendimentos
Hypermarcas;ON;HYPE3;Acao;BR;ativo;Outros;Outras outras industrias
Ideiasnet;ON;IDNT3;Acao;BR;ativo;Outros;Administracao de empresas e empreendimentos
Iguatemi;ON;IGTA3;Acao;BR;ativo;Outros;Locadora de imoveis
Inepar;ON;INEP3;Acao;BR;ativo;Outros;Outras outras industrias
Inepar;PN;INEP4;Acao;BR;ativo;Outros;Outras outras industrias
Brampac;PN;ITPS4;Acao;BR;cancelado;Outros;Industria de produtos de plastico
Itausa;ON;ITSA3;Acao;BR;ativo;Outros;Administracao de empresas e empreendimentos
Itausa;PN;ITSA4;Acao;BR;ativo;Outros;Administracao de empresas e empreendimentos
Kroton;UNT N2;KROT11;Acao;BR;cancelado;Outros;Educacao
Kroton;ON;KROT3;Acao;BR;ativo;Outros;Educacao
Kroton;PN;KROT4;Acao;BR;cancelado;Outros;Educacao
Lark Maqs;ON;LARK3;Acao;BR;cancelado;Outros;Concerto e manutencao de equipamentos (exceto eletronicos e de precisao)
Lark Maqs;PN;LARK4;Acao;BR;cancelado;Outros;Concerto e manutencao de equipamentos (exceto eletronicos e de precisao)
Locamerica;ON;LCAM3;Acao;BR;ativo;Outros;Locadora de automoveis
Lopes Brasil;ON;LPSB3;Acao;BR;ativo;Outros;Atividades relacionadas a imoveis
Trevisa;ON;LUXM3;Acao;BR;ativo;Outros;Administracao de empresas e empreendimentos
Trevisa;PN;LUXM4;Acao;BR;ativo;Outros;Administracao de empresas e empreendimentos
Madeirit;PN;MADE4;Acao;BR;cancelado;Outros;Industria de produtos de madeira compensada e afins
Maori;ON;MAOR3B;Acao;BR;cancelado;Outros;Impressao e atividades auxiliares
Maori;PN;MAOR4B;Acao;BR;cancelado;Outros;Impressao e atividades auxiliares
Cemepe;ON;MAPT3;Acao;BR;ativo;Outros;Administracao de empresas e empreendimentos
Cemepe;PN;MAPT4;Acao;BR;ativo;Outros;Administracao de empresas e empreendimentos
Medial Saude;ON;MEDI3;Acao;BR;cancelado;Outros;Servicos ambulatoriais de saude
Mills;ON;MILS3;Acao;BR;ativo;Outros;Servicos de engenharia e arquitetura
Jereissati;ON;MLFT3;Acao;BR;ativo;Outros;Administracao de empresas e empreendimentos
Jereissati;PN;MLFT4;Acao;BR;ativo;Outros;Administracao de empresas e empreendimentos
Mont Aranha;ON;MOAR3;Acao;BR;ativo;Outros;Administracao de empresas e empreendimentos
Multiplus;ON;MPLU3;Acao;BR;ativo;Outros;Outros servicos de apoio
Multiplan;ON;MULT3;Acao;BR;ativo;Outros;Locadora de imoveis
Suzano Hold;ON;NEMO3;Acao;BR;ativo;Outros;Administracao de empresas e empreendimentos
Suzano Hold;PNA;NEMO5;Acao;BR;ativo;Outros;Administracao de empresas e empreendimentos
Net;ON;NETC3;Acao;BR;ativo;Outros;TV a cabo
Net;PN;NETC4;Acao;BR;ativo;Outros;TV a cabo
Odebrecht;PN;ODBE4;Acao;BR;cancelado;Outros;Administracao de empresas e empreendimentos
Odontoprev;ON;ODPV3;Acao;BR;ativo;Outros;Consultorio odontologico
Gama Part;ON;OPGM3B;Acao;BR;cancelado;Outros;Administracao de empresas e empreendimentos
Opport Energ;ON;OPHE3B;Acao;BR;cancelado;Outros;Administracao de empresas e empreendimentos
Ret Part;ON;OPRE3B;Acao;BR;cancelado;Outros;Administracao de empresas e empreendimentos
Sudeste;ON;OPSE3B;Acao;BR;cancelado;Outros;Administracao de empresas e empreendimentos
Orion;PN;ORIO4;Acao;BR;cancelado;Outros;Industria de produtos de borracha
Belapart;ON;PBEL3B;Acao;BR;cancelado;Outros;Administracao de empresas e empreendimentos
Belapart;PNA;PBEL5B;Acao;BR;cancelado;Outros;Administracao de empresas e empreendimentos
Belapart;PNB;PBEL6B;Acao;BR;cancelado;Outros;Administracao de empresas e empreendimentos
Par Al Bahia;ON;PEAB3;Acao;BR;ativo;Outros;Administracao de empresas e empreendimentos
Par Al Bahia;PN;PEAB4;Acao;BR;ativo;Outros;Administracao de empresas e empreendimentos
Pirelli Pneus;ON;PIPN3;Acao;BR;cancelado;Outros;Industria de produtos de borracha
Pirelli Pneus;PN;PIPN4;Acao;BR;cancelado;Outros;Industria de produtos de borracha
Polpar;ON;PPAR3;Acao;BR;ativo;Outros;Administracao de empresas e empreendimentos
Pq Hopi Hari;ON;PQTM3;Acao;BR;ativo;Outros;Parque de diversao
Pq Hopi Hari;PN;PQTM4;Acao;BR;ativo;Outros;Parque de diversao
Prumo;ON;PRML3;Acao;BR;ativo;Outros;Administracao de empresas e empreendimentos
Prompt;ON;PRPT3B;Acao;BR;cancelado;Outros;Administracao de empresas e empreendimentos
Sauipe;ON;PSEG3;Acao;BR;ativo;Outros;Hotel, motel ou similar
Sauipe;PN;PSEG4;Acao;BR;ativo;Outros;Hotel, motel ou similar
Evora;ON;PTPA3;Acao;BR;ativo;Outros;Industria de produtos de plastico
Evora;PN;PTPA4;Acao;BR;ativo;Outros;Industria de produtos de plastico
Peve-Finasa;PN;PVFS4;Acao;BR;cancelado;Outros;Administracao de empresas e empreendimentos
Souto Vidig;ON;PVLT3;Acao;BR;cancelado;Outros;Administracao de empresas e empreendimentos
Peve Predios;PN;PVPR4;Acao;BR;cancelado;Outros;Administracao de empresas e empreendimentos
Qualicorp;ON;QUAL3;Acao;BR;ativo;Outros;Outros servicos ambulatoriais de saude
521 Particip;ON;QVUM3B;Acao;BR;cancelado;Outros;Administracao de empresas e empreendimentos
Rail Sul;ON;RASL3;Acao;BR;cancelado;Outros;Administracao de empresas e empreendimentos
Rail Sul;PN;RASL4;Acao;BR;cancelado;Outros;Administracao de empresas e empreendimentos
Real Cons Part;PNE;RCPR11;Acao;BR;cancelado;Outros;Administracao de empresas e empreendimentos
Real Cons Part;PNF;RCPR12;Acao;BR;cancelado;Outros;Administracao de empresas e empreendimentos
Real Cons Part;ON;RCPR3;Acao;BR;cancelado;Outros;Administracao de empresas e empreendimentos
Localiza;ON;RENT3;Acao;BR;ativo;Outros;Locadora de automoveis
Real Holdings;ON;RHPR3;Acao;BR;cancelado;Outros;Administracao de empresas e empreendimentos
Real Holdings;PN;RHPR4;Acao;BR;cancelado;Outros;Administracao de empresas e empreendimentos
Alfa Holding;ON;RPAD3;Acao;BR;ativo;Outros;Administracao de empresas e empreendimentos
Alfa Holding;PNA;RPAD5;Acao;BR;ativo;Outros;Administracao de empresas e empreendimentos
Alfa Holding;PNB;RPAD6;Acao;BR;ativo;Outros;Administracao de empresas e empreendimentos
Realpar Part;ON;RPPR3;Acao;BR;cancelado;Outros;Administracao de empresas e empreendimentos
Realpar Part;PNB;RPPR6;Acao;BR;cancelado;Outros;Administracao de empresas e empreendimentos
Allis Part;ON;SAGP3B;Acao;BR;cancelado;Outros;Administracao de empresas e empreendimentos
Allis Part;PN;SAGP4B;Acao;BR;cancelado;Outros;Administracao de empresas e empreendimentos
Sanepar;ON;SAPR3;Acao;BR;ativo;Outros;Agua, esgoto e outros sistemas
Sanepar;PN;SAPR4;Acao;BR;ativo;Outros;Agua, esgoto e outros sistemas
Sabesp;ON;SBSP3;Acao;BR;ativo;Outros;Agua, esgoto e outros sistemas
Sao Carlos;ON;SCAR3;Acao;BR;ativo;Outros;Locadora de imoveis
Sao Carlos;PN;SCAR4;Acao;BR;cancelado;Outros;Locadora de imoveis
Seb;UNT N2;SEBB11;Acao;BR;cancelado;Outros;Educacao
Seb;ON;SEBB3;Acao;BR;cancelado;Outros;Educacao
Seb;PN;SEBB4;Acao;BR;cancelado;Outros;Educacao
Ser Educa;ON;SEER3;Acao;BR;ativo;Outros;Educacao
Time For Fun;ON;SHOW3;Acao;BR;ativo;Outros;Apresentacoes artisticas
Saraiva Livr;ON;SLED3;Acao;BR;ativo;Outros;Editoras de jornais, livros e base de dados
Saraiva Livr;PN;SLED4;Acao;BR;ativo;Outros;Editoras de jornais, livros e base de dados
Smiles;ON;SMLE3;Acao;BR;ativo;Outros;Outros servicos de apoio
Sansuy;ON;SNSY3;Acao;BR;ativo;Outros;Industria de produtos de plastico
Sansuy;PNA;SNSY5;Acao;BR;ativo;Outros;Industria de produtos de plastico
Sansuy;PNB;SNSY6;Acao;BR;ativo;Outros;Industria de produtos de plastico
Sondotecnica;ON;SOND3;Acao;BR;ativo;Outros;Consultoria administrativa, cientifica e tecnica
Sondotecnica;PNA;SOND5;Acao;BR;ativo;Outros;Consultoria administrativa, cientifica e tecnica
Sondotecnica;PNB;SOND6;Acao;BR;ativo;Outros;Consultoria administrativa, cientifica e tecnica
Longdis;ON;SPRT3B;Acao;BR;cancelado;Outros;Administracao de empresas e empreendimentos
Itaitinga;PRB;SQRM11;Acao;BR;ativo;Outros;Administracao de empresas e empreendimentos
Itaitinga;ON;SQRM3;Acao;BR;ativo;Outros;Administracao de empresas e empreendimentos
Itaitinga;PN;SQRM4;Acao;BR;cancelado;Outros;Administracao de empresas e empreendimentos
Sierrabrasil;ON;SSBR3;Acao;BR;ativo;Outros;Locadora de imoveis
Technos Rel;ON;TCHN3;Acao;BR;cancelado;Outros;Outras industrias
Technos Rel;PN;TCHN4;Acao;BR;cancelado;Outros;Outras industrias
Tecnosolo;ON;TCNO3;Acao;BR;ativo;Outros;Consultoria administrativa, cientifica e tecnica
Tecnosolo;PN;TCNO4;Acao;BR;ativo;Outros;Consultoria administrativa, cientifica e tecnica
Technos;ON;TECN3;Acao;BR;ativo;Outros;Outras industrias
Tempo Part;ON;TEMP3;Acao;BR;ativo;Outros;Servicos ambulatoriais de saude
Tectoy;ON;TOYB3;Acao;BR;ativo;Outros;Outras outras industrias
Tectoy;PN;TOYB4;Acao;BR;ativo;Outros;Outras outras industrias
Cbcc Contact Center;ON;TRIM3;Acao;BR;cancelado;Outros;Outros servicos de apoio
Trombini;PN;TRMB4;Acao;BR;cancelado;Outros;Administracao de empresas e empreendimentos
Tivit;ON;TVIT3;Acao;BR;cancelado;Outros;Outros servicos de apoio
Unicasa;ON;UCAS3;Acao;BR;ativo;Outros;Industria de moveis e afins
V-Agro;ON;VAGR3;Acao;BR;ativo;Outros;Outras outras industrias
Araucaria;ON;VDNP3B;Acao;BR;cancelado;Outros;Administracao de empresas e empreendimentos
Montreal;PN;VEMG4;Acao;BR;cancelado;Outros;Administracao de empresas e empreendimentos
Valid;ON;VLID3;Acao;BR;ativo;Outros;Impressao e atividades auxiliares
Valetron;ON;VLTR3B;Acao;BR;cancelado;Outros;Administracao de empresas e empreendimentos
Valetron;PNA;VLTR5B;Acao;BR;cancelado;Outros;Administracao de empresas e empreendimentos
Valetron;PNB;VLTR6B;Acao;BR;cancelado;Outros;Administracao de empresas e empreendimentos
Varig Transp;ON;VPTA3;Acao;BR;cancelado;Outros;Servico de entrega
Varig Transp;PN;VPTA4;Acao;BR;cancelado;Outros;Servico de entrega
Vivax;UNT N2;VVAX11;Acao;BR;cancelado;Outros;TV a cabo
Vivax;ON;VVAX3;Acao;BR;cancelado;Outros;TV a cabo
Vivax;PN;VVAX4;Acao;BR;cancelado;Outros;TV a cabo
Abc Brasil;UNT N2;ABCB11;Acao;BR;cancelado;Financas e Seguros;Bancos
Abc Brasil;ON;ABCB3;Acao;BR;ativo;Financas e Seguros;Bancos
Abc Brasil;PN;ABCB4;Acao;BR;ativo;Financas e Seguros;Bancos
America do Sul;PNA;BASU5;Acao;BR;cancelado;Financas e Seguros;Bancos
Amazonia;ON;BAZA3;Acao;BR;ativo;Financas e Seguros;Bancos
Brasil;ON;BBAS3;Acao;BR;ativo;Financas e Seguros;Bancos
Brasil;PN;BBAS4;Acao;BR;cancelado;Financas e Seguros;Bancos
Bandeirantes;PN;BBCM4;Acao;BR;cancelado;Financas e Seguros;Bancos
Bradesco;ON;BBDC3;Acao;BR;ativo;Financas e Seguros;Bancos
Bradesco;PN;BBDC4;Acao;BR;ativo;Financas e Seguros;Bancos
BBSeguridade;ON;BBSE3;Acao;BR;ativo;Financas e Seguros;Seguradora
Boavista;PN;BBV4;Acao;BR;cancelado;Financas e Seguros;Bancos
Economico;ON;BCE3;Acao;BR;cancelado;Financas e Seguros;Bancos
Economico;PN;BCE4;Acao;BR;cancelado;Financas e Seguros;Bancos
BCN;PN;BCNA4;Acao;BR;cancelado;Financas e Seguros;Bancos
Banco Bec;ON;BECE3;Acao;BR;cancelado;Financas e Seguros;Bancos
Banco Bec;PN;BECE4;Acao;BR;cancelado;Financas e Seguros;Bancos
Banestes;ON;BEES3;Acao;BR;ativo;Financas e Seguros;Bancos
Banestes;PN;BEES4;Acao;BR;ativo;Financas e Seguros;Bancos
Bemge;ON;BEMG3;Acao;BR;cancelado;Financas e Seguros;Bancos
Bemge;PN;BEMG4;Acao;BR;cancelado;Financas e Seguros;Bancos
Banestado;PN;BEPA4;Acao;BR;cancelado;Financas e Seguros;Bancos
Banespa;ON;BESP3;Acao;BR;cancelado;Financas e Seguros;Bancos
Banespa;PN;BESP4;Acao;BR;cancelado;Financas e Seguros;Bancos
Betapart;ON;BETP3B;Acao;BR;cancelado;Financas e Seguros;Atividades relacionadas a intermediacao de credito
Francesbras;ON;BFB3;Acao;BR;cancelado;Financas e Seguros;Bancos
Sudameris;ON;BFIT3;Acao;BR;cancelado;Financas e Seguros;Bancos
Sudameris;PN;BFIT4;Acao;BR;cancelado;Financas e Seguros;Bancos
Banese;ON;BGIP3;Acao;BR;ativo;Financas e Seguros;Bancos
Banese;PN;BGIP4;Acao;BR;ativo;Financas e Seguros;Bancos
Bicbanco;UnN1;BICB11;Acao;BR;cancelado;Financas e Seguros;Bancos
Bicbanco;ON;BICB3;Acao;BR;ativo;Financas e Seguros;Bancos
Bicbanco;PN;BICB4;Acao;BR;ativo;Financas e Seguros;Bancos
Merc S Paulo;PN;BMCT4;Acao;BR;cancelado;Financas e Seguros;Bancos
Merc Brasil;ON;BMEB3;Acao;BR;ativo;Financas e Seguros;Bancos
Merc Brasil;PN;BMEB4;Acao;BR;ativo;Financas e Seguros;Bancos
BM&F;ON;BMEF3;Acao;BR;cancelado;Financas e Seguros;Bolsa de valores e commodities
Merc Invest;ON;BMIN3;Acao;BR;ativo;Financas e Seguros;Bancos
Merc Invest;PN;BMIN4;Acao;BR;ativo;Financas e Seguros;Bancos
Nacional;ON;BNAC3;Acao;BR;cancelado;Financas e Seguros;Bancos
Nacional;PN;BNAC4;Acao;BR;cancelado;Financas e Seguros;Bancos
Nord Brasil;ON;BNBR3;Acao;BR;ativo;Financas e Seguros;Bancos
Nord Brasil;PN;BNBR4;Acao;BR;ativo;Financas e Seguros;Bancos
Nossa Caixa;ON;BNCA3;Acao;BR;cancelado;Financas e Seguros;Bancos
Santander Noroeste;PN;BNET4;Acao;BR;cancelado;Financas e Seguros;Bancos
Banorte;ON;BNNE3;Acao;BR;cancelado;Financas e Seguros;Bancos
Bovespa Holding;ON;BOVH3;Acao;BR;cancelado;Financas e Seguros;Bolsa de valores e commodities
Btgp Banco;ON;BPAC3;Acao;BR;ativo;Financas e Seguros;Bancos
Btgp Banco;PNA;BPAC5;Acao;BR;ativo;Financas e Seguros;Bancos
Banpara;ON;BPAR3;Acao;BR;ativo;Financas e Seguros;Bancos
Est Piaui;ON;BPIA3;Acao;BR;cancelado;Financas e Seguros;Bancos
Panamericano;ON;BPNM3;Acao;BR;ativo;Financas e Seguros;Bancos
Panamericano;PN;BPNM4;Acao;BR;ativo;Financas e Seguros;Bancos
Progresso;PN;BPRG4;Acao;BR;cancelado;Financas e Seguros;Bancos
BR Insurance;ON;BRIN3;Acao;BR;ativo;Financas e Seguros;Corretora de seguros
Alfa Invest;ON;BRIV3;Acao;BR;ativo;Financas e Seguros;Bancos
Alfa Invest;PN;BRIV4;Acao;BR;ativo;Financas e Seguros;Bancos
Banrisul;UnN1;BRSR11;Acao;BR;cancelado;Financas e Seguros;Bancos
Banrisul;ON;BRSR3;Acao;BR;ativo;Financas e Seguros;Bancos
Banrisul;PNA;BRSR5;Acao;BR;ativo;Financas e Seguros;Bancos
Banrisul;PNB;BRSR6;Acao;BR;ativo;Financas e Seguros;Bancos
Besc;ON;BSCT3;Acao;BR;cancelado;Financas e Seguros;Bancos
Besc;PNA;BSCT5;Acao;BR;cancelado;Financas e Seguros;Bancos
Besc;PNB;BSCT6;Acao;BR;cancelado;Financas e Seguros;Bancos
HSBC Seguros;PN;BSEG4;Acao;BR;cancelado;Financas e Seguros;Seguradora
AGF Brasil;ON;BSGR3;Acao;BR;cancelado;Financas e Seguros;Seguradora
BRB Banco;ON;BSLI3;Acao;BR;ativo;Financas e Seguros;Bancos
BRB Banco;PN;BSLI4;Acao;BR;ativo;Financas e Seguros;Bancos
BmfBovespa;ON;BVMF3;Acao;BR;ativo;Financas e Seguros;Bolsa de valores e commodities
Alfa Financ;ON;CRIV3;Acao;BR;ativo;Financas e Seguros;Bancos
Alfa Financ;PN;CRIV4;Acao;BR;ativo;Financas e Seguros;Bancos
Seg Al Bahia;ON;CSAB3;Acao;BR;ativo;Financas e Seguros;Seguradora
Seg Al Bahia;PN;CSAB4;Acao;BR;ativo;Financas e Seguros;Seguradora
Seg Min Bras;ON;CSMB3;Acao;BR;cancelado;Financas e Seguros;Seguradora
Seg Min Bras;PN;CSMB4;Acao;BR;cancelado;Financas e Seguros;Seguradora
Cetip;ON;CTIP3;Acao;BR;ativo;Financas e Seguros;Outras atividades relacionadas a investimentos financeiros
Cruzeiro Sul;ON;CZRS3;Acao;BR;cancelado;Financas e Seguros;Bancos
Cruzeiro Sul;PN;CZRS4;Acao;BR;cancelado;Financas e Seguros;Bancos
Daycoval;ON;DAYC3;Acao;BR;ativo;Financas e Seguros;Bancos
Daycoval;PN;DAYC4;Acao;BR;ativo;Financas e Seguros;Bancos
Finansinos;ON;FNCN3;Acao;BR;ativo;Financas e Seguros;Bancos
Indusval;UnN1;IDVL11;Acao;BR;cancelado;Financas e Seguros;Bancos
Indusval;ON;IDVL3;Acao;BR;ativo;Financas e Seguros;Bancos
Indusval;PN;IDVL4;Acao;BR;ativo;Financas e Seguros;Bancos
ItauUnibanco;ON;ITUB3;Acao;BR;ativo;Financas e Seguros;Bancos
ItauUnibanco;PN;ITUB4;Acao;BR;ativo;Financas e Seguros;Bancos
Banex S/A;ON;LOSA3;Acao;BR;cancelado;Financas e Seguros;Bancos
Banex S/A;PN;LOSA4;Acao;BR;cancelado;Financas e Seguros;Bancos
Merc Financ;ON;MERC3;Acao;BR;ativo;Financas e Seguros;Bancos
Merc Financ;PN;MERC4;Acao;BR;ativo;Financas e Seguros;Bancos
Pine;ON;PINE3;Acao;BR;ativo;Financas e Seguros;Bancos
Pine;PN;PINE4;Acao;BR;ativo;Financas e Seguros;Bancos
Parana;UnN1;PRBC11;Acao;BR;cancelado;Financas e Seguros;Bancos
Parana;ON;PRBC3;Acao;BR;ativo;Financas e Seguros;Bancos
Parana;PN;PRBC4;Acao;BR;ativo;Financas e Seguros;Bancos
Porto Seguro;ON;PSSA3;Acao;BR;ativo;Financas e Seguros;Seguradora
Real;ON;REAL3;Acao;BR;cancelado;Financas e Seguros;Bancos
Real;PN;REAL4;Acao;BR;cancelado;Financas e Seguros;Bancos
Renner Part;ON;RNPT3;Acao;BR;cancelado;Financas e Seguros;Bancos
Renner Part;PN;RNPT4;Acao;BR;cancelado;Financas e Seguros;Bancos
Santander BR;UNT N2;SANB11;Acao;BR;ativo;Financas e Seguros;Bancos
Santander BR;ON;SANB3;Acao;BR;ativo;Financas e Seguros;Bancos
Santander BR;PN;SANB4;Acao;BR;ativo;Financas e Seguros;Bancos
Sul Amer Nac;ON;SASG3;Acao;BR;cancelado;Financas e Seguros;Seguradora
Sofisa;ON;SFSA3;Acao;BR;ativo;Financas e Seguros;Instituicao de intermediacao de credito (nao receptora de depositos)
Sofisa;PN;SFSA4;Acao;BR;ativo;Financas e Seguros;Instituicao de intermediacao de credito (nao receptora de depositos)
Sulacap;ON;SLCP3;Acao;BR;cancelado;Financas e Seguros;Seguradora
Sul America;UNT N2;SULA11;Acao;BR;ativo;Financas e Seguros;Seguradora
Sul America;ON;SULA3;Acao;BR;ativo;Financas e Seguros;Seguradora
Sul America;PN;SULA4;Acao;BR;ativo;Financas e Seguros;Seguradora
Tarpon Inv;ON;TRPN3;Acao;BR;ativo;Financas e Seguros;Outras atividades relacionadas a investimentos financeiros
Unibanco;UnN1;UBBR11;Acao;BR;cancelado;Financas e Seguros;Bancos
Unibanco;ON;UBBR3;Acao;BR;cancelado;Financas e Seguros;Bancos
Unibanco;PN;UBBR4;Acao;BR;cancelado;Financas e Seguros;Bancos
Unibanco Hld;ON;UBHD3;Acao;BR;cancelado;Financas e Seguros;Bancos
Unibanco Hld;PNB;UBHD6;Acao;BR;cancelado;Financas e Seguros;Bancos
