;Media - Zr|do volume$|em 12 anos|em moeda orig|em milhares;;;;;;;;;;;;;;;;;;;;;;;;;;;;;;;;;;;;;;;;;;;;;;;;;;;;;;;;;;;;;;;;;;;;;;;;;;;;;;;;;;;;;;;;;;;;;;;;;;;;;;;;;;;;;;;;;;;;;;;;;;;;;;;;;;;;;;;;;;;;;;;;;;;;;;;;;;;;;;;;;;;;;;;;;;;;;;;;;;;;;;;;;;;;;;;;;;;;;;;;;;;;;;;;;;;;;;;;;;;;;;;;;;;;;;;;;;;;;;;;;;;;;;;;;;;;;;;;;;;;;;;;;;;;;;;;;;;;;;;;;;;;;;;;;;;;;;;;;;;;;;;;;;;;;;;;;;;;;;;;;;;;;;;;;;;;;;;;;;;;;;;;;;;;;;;;;;;;;;;;;;;;;;;;;;;;;;;;;;;;;;;;;;;;;;;;;;;;;;;;;;;;;;;;;;;;;;;;;;;;;;;;;;;;;;;;;;;;;;;;;;;;;;;;;;;;;;;;;;;;;;;;;;;;;;;;;;;;;;;;;;;;;;;;;;;;;;;;;;;;;;;;;;;;;;;;;;;;;;;;;;;;;;;;;;;;;;;;;;;;;;;;;;;;;;;;;;;;;;;;;;;;;;;;;;;;;;;;;;;;;;;;;;;;;;;;;;;;;;;;;;;;;;;;;;;;;;;;;;;;;;;;;;;;;;;;;;;;;;;;;;;;;;;;;;;;;;;;;;;;;;;;;;;;;;;;;;;;;;;;;;;;;;;;;;;;;;;;;;;;;;;;;;;;;;;;;;;;;;;;;;;;;;;;;;;;;;;;;;;;;;;;;;;;;;;;;;;;;;;;;;;;;;;;;;;;;;;;;;;;;;;;;;;;;;;;;;;;;;;;;;;;;;;;;;;;;;;;;;;;;;;;;;;;;;;;;;;;;;;;;;;;;;;;;;;;;;;;;;;;;;;;;;;;;;;;;;;;;;;;;;;;;;;;;;;;;;;;;;;;;;;;;;;;;;;;;;;;;;;;;;;;;;;;;;;;;;;;;;;;;;;;;;;;;;;;;;;;;;;;;;;;;;;;;;;;;;;;;;;;;;;;;;;;;;;;;;;;;;;;;;;;;;;;;;;;;;;;;;;;;;;;;;;;;;;;;;;;;;;;;;;;;;;;;;;;;;;;;;;;;;;;;;;;;;;;;;;;;;;;;;;;;;;;;;;;;;;;;;;;;;;;;;;;;;;;;;;;;;;;;;;;;;;;;;;;;;;;;;;;;;;;;;;;;;;;;;;;;;;;;;;;;;;;;;;;;;;;;;;;;;;;;;;;;;;;;;;;;;;;;;;;;;;;;;;;;;;;;;;;;;;
Data;ABEV3;ABYA3;ACES3;ACES4;ACGU3;AELP3;AESL3;AESL4;AFLT3;AFLU3;AFLU5;AFLU6;AGEI3;AGIN3;AGRA4;AGRO3;ALBA3;ALLL11;ALLL3;ALLL4;ALPA3;ALPA4;ALTS3;ALTS4;ALUP11;ALUP3;ALUP4;AMAR3;AMBV4-Old;AMLC4;AMPI3;AMRI11;AMRI3;AMRI7;AMRI8;ANDG3B;ANDG4B;ANO5;ANPB3;ANPB5;ANTA3;ANTA4;AORE3;APTI3;APTI4;AQT4;ARCE3;ARCE4;ARCZ3;ARCZ5;ARCZ6;ARNO4;ARPS3;ARPS4;ARTE3;ARTE4;ARTR3;ARZZ3;ASTA3;ASTA4;ATBS3;AUTM3;AVIL3;AVIL4;AZEV3;AZEV4;BARB3;BARB4;BAUH3;BAUH4;BDLL3;BDLL4;BEEF3;BEMA3;BFCV4;BHEQ4;BIOB4;BISA3;BMKS3;BMTO3;BMTO4;BNPA3B;BOBR3;BOBR4;BPCO4;BPHA3;BPLA5;BRDT4;BRFS3;BRKM3;BRKM5;BRKM6;BRTP3;BRTP4;BRUM4;BSEV3;BSUL5;BTAS5;BTOW3;BTTL3;BTTL4;BUET3;BUET4;CABR4;CAFE3;CAFE4;CALA3B;CALA4B;CALI3;CALI4;CAMB3;CAMB4;CARB5;CATA3;CATA4;CBEE3;CBMA3;CBMA4;CBVI4;CCHI3;CCHI4;CCIM3;CCRO3;CCTU3;CCTU4;CCXC3;CDOU4;CEBR3;CEBR5;CEBR6;CEDO3;CEDO4;CEDO6;CEEB3;CEEB5;CEEB6;CEED3;CEED4;CEGR3;CELP3;CELP5;CELP6;CELP7;CEPE3;CEPE5;CEPE6;CESP3;CESP5;CESP6;CETE3;CETE4;CEVA3;CEVA4;CFLU3;CFLU4;CGAS3;CGAS5;CGOS3;CGOS4;CGOS6;CGRA3;CGRA4;CHAP3;CHAP4;CIC4;CIEL3;CIQU3;CIQU4;CLAN3;CLAN4;CLDX4;CLSC3;CLSC4;CLSC5;CMET3;CMET4;CMGR3;CMGR4;CMIG3;CMIG4;CNFB3;CNFB4;COBE3B;COBE5B;COBE6B;COCE3;COCE5;COCE6;COPA4;CPCA4;CPFE3;CPFG3;CPFG4;CPFL4;CPFP3;CPFP4;CPLE3;CPLE5;CPLE6;CPNY3;CPRE3;CPSL3;CPTP3B;CRBM11;CRBM3;CRBM5;CRBM7;CRBM8;CRDE3;CREM3;CREM4-old;CRGT5;CRTE3B;CRTE5B;CRTP3;CRTP5;CSAN3;CSNA3;CSPC3;CSPC4;CSRN3;CSRN5;CSRN6;CSTB3;CSTB4;CTKA3;CTKA4;CTLG3;CTLU4;CTMI3;CTNM3;CTNM4;CTPC3;CTPC4;CTSA3;CTSA4;CTSA8;CVCB3;CYRE3;CYRE4;CZAR4;DHBI3;DHBI4;DIRR3;DNEN3B;DOHL3;DOHL4;DOMO3;DPPI3;DPPI4;DROG11;DROG12;DROG13;DROG14;DROG5;DROG6;DROG7;DROG8;DSUL3;DUQE3;DUQE4;DVIX3;EALT3;EALT4;EBCO3;EBCO4;EBEN3;EBEN4;EBTP3;EBTP4;ECIS3;ECIS4;ECOR3;ECPR3;ECPR4;EDNE5;EEEL3;EEEL4;EKTR3;EKTR4;ELAT3;ELEK3;ELEK4;ELET3;ELET5;ELET6;ELEV3;ELPL11-old;ELPL3;ELPL4;ELPL5;ELUM3;ELUM4;EMAE3;EMAE4;EMBR3;EMBR4;EMXS4;ENBR3;ENER3;ENER5;ENER6;ENEV3;ENG5;ENGI11;ENGI3;ENGI4;ENMA3B;ENMA5B;ENMA6B;EPTE4;EQTL11;EQTL3;EQTL4;ERIC3;ERIC4;ESCE3;ETER3;ETER4;EVEN3;EZTC3;FAPC4;FBMC3;FBMC4;FBRA3;FBRA4;FCAP3;FCAP4;FESA3;FESA4;FFTL3;FFTL4;FGOS4;FGUI3;FGUI4;FHER3;FIBR3;FJTA3;FJTA4;FLBR3;FLBR4;FLCL3;FLCL5;FLCL6;FRAS3;FRAS4;FRI3;FRI4;FRIO3;FRPS3;FRPS4;FRRN3B;FRRN5B;FRRN6B;FTRX3;FTRX4;FTSE4;FTSU4;FTZA4;GAFP3;GAFP4;GALO4;GAZO3;GAZO4;GEPA3;GEPA4;GETI3;GETI4;GFSA3;GFSA5;GGBR3;GGBR4;GLOB4;GNAN3B;GOAU3;GOAU4;GOLL3;GOLL4;GPAR3;GRND3;GRNL3;GRNL4;GTDP3B;GTDP4B;GUAR3;GUAR4;GVTT3;HAGA3;HAGA4;HBOR3;HETA3;HETA4;HGTX3;HGTX4;HGTX4-old;HRTP3;IBAN3;IBAN5;IBPI5;IBPI6;IBRC4;ICPI3;ICPI4;IDCO3;IDCO4;IENG3;IENG5;IENG6;IGBR3;IGBR5;IGBR6;IGBR7;IGUA3;IGUA5;IGUA6;ILLS4;ILMD3;ILMD4;IMBI3;IMBI4;IMCH3;IMPE4;INET3;IRON3;ITEC3;ITLM5;IVEN3;IVEN4;IVIL4;IVPR3B;IVPR4B;JBDU3;JBDU4;JBSS3;JFAB4;JFEN3;JHSF3;JOPA3;JOPA4;JSLG3;KEPL3;KLBN11;KLBN3;KLBN4;KSSA3;LAME3;LAME4;LATS3;LECO3;LECO4;LETO3;LETO5;LEVE3;LEVE4;LFFE3;LFFE4;LGLO3;LGLO4;LHER3;LHER4;LIAS4;LIGT3;LINX3;LIPR3;LITS3;LIXC3;LIXC4;LLIS3;LOAR4;LOGN3;LORZ4;LREN3;LREN4;LTEL11B;LTEL3B;LTEL5B;LUPA3;MAFE3;MAGG3;MAGS3;MAGS5;MAGS7;MAHS4;MAKR3;MANM3;MANM4;MCWS3;MCWS4;MDIA3;MEC4;MEND3;MEND5;MEND6;MESB4;MFLU3;MGEL3;MGEL4;MGLU3;MLCF4;MLPA3;MLPA4;MLPP3;MMAQ3;MMAQ4;MMXM3;MNDL3;MNDL4;MNPR3;MNPR4;MNSA3;MNSA4;MNZC3B;MRFG3;MRSA3B;MRSA5B;MRSA6B;MRSL3;MRSL4;MRVE3;MSAN3;MSAN4;MSPA3;MSPA4;MTDO3;MTDO4;MTDO5;MTDO6;MTDO7;MTDO8;MTIG3;MTIG4;MTSA3;MTSA4;MULL4;MWET3;MWET4;MYPK3;MYPK4;NAFG3;NAFG4;NAKT4;NATU3;NCNE3;NCNE5;NEWT3B;NORD3;NRTQ3;NUTR3;ODER3;ODER4;OGXP3;OIBR3;OIBR4;OLMA4;OLVB4;OPDL3B;OPTS3B;OPZI3B;OSXB3;OXIT4;PALF3;PALF5;PALF6;PALF7;PATI3;PATI4;PCAR3;PCAR4;PDGR3;PEFX3;PEFX5;PETR3;PETR4;PFRM3;PIRE3;PIRE4;PITI3;PITI4;PLAS3;PLAS4;PLDN3;PLDN4;PLTO3;PLTO5;PLTO6;PMAM3;PMAM4;PMET3;PMET5;PMET6;PMT4;PNOR3;PNOR5;PNOR6;PNVL3;PNVL4;PNXS4;POLA3;POLA4;POMO3;POMO4;POPR3;POPR4;PORP3;PORP4;POSI3;PQUN3;PQUN4;PRBN4;PRGA4;PRMN3B;PRSC4;PRTX3;PRVI3;PTBL3;PTBL4;PTIP3;PTIP4;PTNT3;PTNT4;PTQS3;PTQS4;PXEC4;QGEP3;QGNE4;QUSW3;QVQP3B;RADL3;RAIA3;RANI3;RANI4;RAPT3;RAPT4;RCLL3;RCLL4;RCLL5;RCLL7;RCSL3;RCSL4;RDCD3;RDNI3;RDTR3;REDE3;REDE4;REEM3;REEM4;REPA4;RGEG3;RHDS3;RHDS4;RHER4;RIO4;RIPI3;RIPI4;RNAR3;RNEW11;RNEW3;RNEW4;ROMI3;ROMI4;ROSI4;RPMG3;RPMG4;RPSA3;RPSA4;RSID3;RSIP3;RSIP4;RSUL3;RSUL4;SAD4;SAGR4;SALM3;SALM4;SAMI4;SCLO3;SCLO4;SDIA3;SDIA4;SEMP3;SGAS3;SGAS4;SGEN3;SGEN4;SGPS3;SHAP4;SHTM3;SHTM4;SHUL3;SHUL4;SIBR7;SIFC4;SJOS3;SJOS4;SLAL4;SLBR3;SLBR4;SLCE3;SLCT3B;SMTO3;SNSL3;SOLO4;SPEL3;SPEL5;SPRI3;SPRI5;SPRI6;STBP11;STBP3;STBP4;STBR11;STBR3;STBR4;STRP3;STRP4;SUBA3;SULT3;SULT4;SUZB3;SUZB5;SUZB6;SZPQ3;SZPQ4;TAEE11;TAEE3;TAEE4;TAMM3;TAMM4;TAMR4;TBAC3;TBAC6;TBCP4;TBLE3;TBLE5;TBLE6;TBRS3;TBRS4;TCOC3;TCOC4;TCSA3;TCSL4;TDBH3;TDBH4;TEBA3;TEBA5;TEBA6;TEKA3;TEKA4;TELB3;TELB3-old;TELB4;TELB4-old;TEND3;TENE3;TENE5;TENE6;TENE7;TERI3;TETE3;TETE6;TGMA3;TIBR3;TIBR5;TIBR6;TIMP3;TKNO3;TKNO4;TLCP3;TLCP4;TLPP3F;TLPP4F;TLVT3B;TMAC11B;TMAC3B;TMAC5B;TMAC6B;TMAC7B;TMAC8B;TMAR3;TMAR5;TMAR6;TMCP3;TMCP4;TMGC11;TMGC12;TMGC13;TMGC3;TMGC6;TMGC7;TMGC8;TMGR3;TMGR6;TNCP3;TNCP4;TNEP3;TNEP4;TNLP3;TNLP4;TOTS3;TPEC3B;TPEC6B;TPEC7B;TPEC8B;TPIS3;TPRC3;TPRC6;TRBR4;TRFO3;TRFO4;TRIC4;TRIS3;TRJC6;TROR3;TROR4;TRPA4;TRPL3;TRPL4;TSEP3;TSEP4;TSPC3;TSPC6;TUPY3;TUPY4;TXRX3;TXRX4;UCOP3;UCOP4;UGPA3;UGPA4;UNIP3;UNIP5;UNIP6;UOLL3;UOLL4;UPKP3B;USIM3;USIM5;USIM6;VAGV3;VAGV4;VALE3;VALE5;VASP3;VCPA4;VGOR3;VGOR4;VIGR3;VINE3;VINE5;VINE6;VIVO3;VIVO4;VIVR3;VIVT3;VIVT4;VPSC3;VPSC4;VRLM4;VSMA3;VTEC4;VULC3;VULC4;VVAR11;VVAR3;VVAR4;WEGE3;WEGE4;WET4;WHMT3;WHRL3;WHRL4;WISA3;WISA4;WMBY3;WMBY4;ZIVI4;ABRE11;AEDU11;AEDU3;AEDU4;AHEB3;AHEB5;AHEB6;ALEF3B;ALSC3;AMIL3;ANIM3;APPA3;APPA4;ARLA3;ARLA4;ASSM3;ASSM4;BAHI3;BAHI4;BALM3;BALM4;BBRK3;BERG3;BERG5;BFRE3;BHGR3;BIOM3;BIOM4;BRAP3;BRAP4;BRGE11;BRGE12;BRGE3;BRGE5;BRGE6;BRGE7;BRGE8;BRML3;BRPR3;CABB3;CABI3B;CACO3B;CACO5B;CACO6B;CAIA3B;CAIA6B;CANT3B;CANT4B;CARD3;CASN3;CASN4;CBAG3;CBTA4;CCPR3;CELM3;CMMA3;CMMA4;CMSA3;CMSA4;COAR3;COAR4;CORR3;CORR4;CRUZ3;CSMG3;CTAX11;CTAX3;CTAX4;CTWR3;CVPT3;CVPT4;DASA3;DFVA3;DFVA4;DJON3;DJON4;DOCA3;DOCA4;DTCY3;DTCY4;DTEX3;DURA3;DURA4;DXTG3;DXTG4;ESTC11;ESTC3;ESTC4;ESTR3;ESTR4;ETRO3B;EUCA3;EUCA4;FIGE3;FIGE4;FLRY3;FTRT3B;GLAS4;GPCP3;GRUC3;GRUC6;GSHP3;HBTS3;HBTS5;HBTS6;HOOT3;HOOT4;HPIA3;HYPE3;IDNT3;IGTA3;INEP3;INEP4;ITPS4;ITSA3;ITSA4;KROT11;KROT3;KROT4;LARK3;LARK4;LCAM3;LPSB3;LUXM3;LUXM4;MADE4;MAOR3B;MAOR4B;MAPT3;MAPT4;MEDI3;MILS3;MLFT3;MLFT4;MOAR3;MPLU3;MULT3;NEMO3;NEMO5;NETC3;NETC4;ODBE4;ODPV3;OPGM3B;OPHE3B;OPRE3B;OPSE3B;ORIO4;PBEL3B;PBEL5B;PBEL6B;PEAB3;PEAB4;PIPN3;PIPN4;PPAR3;PQTM3;PQTM4;PRML3;PRPT3B;PSEG3;PSEG4;PTPA3;PTPA4;PVFS4;PVLT3;PVPR4;QUAL3;QVUM3B;RASL3;RASL4;RCPR11;RCPR12;RCPR3;RENT3;RHPR3;RHPR4;RPAD3;RPAD5;RPAD6;RPPR3;RPPR6;SAGP3B;SAGP4B;SAPR3;SAPR4;SBSP3;SCAR3;SCAR4;SEBB11;SEBB3;SEBB4;SEER3;SHOW3;SLED3;SLED4;SMLE3;SNSY3;SNSY5;SNSY6;SOND3;SOND5;SOND6;SPRT3B;SQRM11;SQRM3;SQRM4;SSBR3;TCHN3;TCHN4;TCNO3;TCNO4;TECN3;TEMP3;TOYB3;TOYB4;TRIM3;TRMB4;TVIT3;UCAS3;VAGR3;VDNP3B;VEMG4;VLID3;VLTR3B;VLTR5B;VLTR6B;VPTA3;VPTA4;VVAX11;VVAX3;VVAX4;ABCB11;ABCB3;ABCB4;BASU5;BAZA3;BBAS3;BBAS4;BBCM4;BBDC3;BBDC4;BBSE3;BBV4;BCE3;BCE4;BCNA4;BECE3;BECE4;BEES3;BEES4;BEMG3;BEMG4;BEPA4;BESP3;BESP4;BETP3B;BFB3;BFIT3;BFIT4;BGIP3;BGIP4;BICB11;BICB3;BICB4;BMCT4;BMEB3;BMEB4;BMEF3;BMIN3;BMIN4;BNAC3;BNAC4;BNBR3;BNBR4;BNCA3;BNET4;BNNE3;BOVH3;BPAC3;BPAC5;BPAR3;BPIA3;BPNM3;BPNM4;BPRG4;BRIN3;BRIV3;BRIV4;BRSR11;BRSR3;BRSR5;BRSR6;BSCT3;BSCT5;BSCT6;BSEG4;BSGR3;BSLI3;BSLI4;BVMF3;CRIV3;CRIV4;CSAB3;CSAB4;CSMB3;CSMB4;CTIP3;CZRS3;CZRS4;DAYC3;DAYC4;FNCN3;IDVL11;IDVL3;IDVL4;ITUB3;ITUB4;LOSA3;LOSA4;MERC3;MERC4;PINE3;PINE4;PRBC11;PRBC3;PRBC4;PSSA3;REAL3;REAL4;RNPT3;RNPT4;SANB11;SANB3;SANB4;SASG3;SFSA3;SFSA4;SLCP3;SULA11;SULA3;SULA4;TRPN3;UBBR11;UBBR3;UBBR4;UBHD3;UBHD6
1995;-;-;-;-;-;-;-;-;-;-;-;-;-;-;-;-;-;-;-;-;-;-;-;-;-;-;-;-;-;-;-;-;-;-;-;-;-;-;-;-;-;-;-;-;-;-;-;-;-;-;-;-;-;-;-;-;-;-;-;-;-;-;-;-;-;-;-;-;-;-;-;-;-;-;-;-;-;-;-;-;-;-;-;-;-;-;-;-;-;-;-;-;-;-;-;-;-;-;-;-;-;-;-;-;-;-;-;-;-;-;-;-;-;-;-;-;-;-;-;-;-;-;-;-;-;-;-;-;-;-;-;-;-;-;-;-;-;-;-;-;-;-;-;-;-;-;-;-;-;-;-;-;-;-;-;-;-;-;-;-;-;-;-;-;-;-;-;-;-;-;-;-;-;-;-;-;-;-;-;-;-;-;-;-;-;-;-;-;-;-;-;-;-;-;-;-;-;-;-;-;-;-;-;-;-;-;-;-;-;-;-;-;-;-;-;-;-;-;-;-;-;-;-;-;-;-;-;-;-;-;-;-;-;-;-;-;-;-;-;-;-;-;-;-;-;-;-;-;-;-;-;-;-;-;-;-;-;-;-;-;-;-;-;-;-;-;-;-;-;-;-;-;-;-;-;-;-;-;-;-;-;-;-;-;-;-;-;-;-;-;-;-;-;-;-;-;-;-;-;-;-;-;-;-;-;-;-;-;-;-;-;-;-;-;-;-;-;-;-;-;-;-;-;-;-;-;-;-;-;-;-;-;-;-;-;-;-;-;-;-;-;-;-;-;-;-;-;-;-;-;-;-;-;-;-;-;-;-;-;-;-;-;-;-;-;-;-;-;-;-;-;-;-;-;-;-;-;-;-;-;-;-;-;-;-;-;-;-;-;-;-;-;-;-;-;-;-;-;-;-;-;-;-;-;-;-;-;-;-;-;-;-;-;-;-;-;-;-;-;-;-;-;-;-;-;-;-;-;-;-;-;-;-;-;-;-;-;-;-;-;-;-;-;-;-;-;-;-;-;-;-;-;-;-;-;-;-;-;-;-;-;-;-;-;-;-;-;-;-;-;-;-;-;-;-;-;-;-;-;-;-;-;-;-;-;-;-;-;-;-;-;-;-;-;-;-;-;-;-;-;-;-;-;-;-;-;-;-;-;-;-;-;-;-;-;-;-;-;-;-;-;-;-;-;-;-;-;-;-;-;-;-;-;-;-;-;-;-;-;-;-;-;-;-;-;-;-;-;-;-;-;-;-;-;-;-;-;-;-;-;-;-;-;-;-;-;-;-;-;-;-;-;-;-;-;-;-;-;-;-;-;-;-;-;-;-;-;-;-;-;-;-;-;-;-;-;-;-;-;-;-;-;-;-;-;-;-;-;-;-;-;-;-;-;-;-;-;-;-;-;-;-;-;-;-;-;-;-;-;-;-;-;-;-;-;-;-;-;-;-;-;-;-;-;-;-;-;-;-;-;-;-;-;-;-;-;-;-;-;-;-;-;-;-;-;-;-;-;-;-;-;-;-;-;-;-;-;-;-;-;-;-;-;-;-;-;-;-;-;-;-;-;-;-;-;-;-;-;-;-;-;-;-;-;-;-;-;-;-;-;-;-;-;-;-;-;-;-;-;-;-;-;-;-;-;-;-;-;-;-;-;-;-;-;-;-;-;-;-;-;-;-;-;-;-;-;-;-;-;-;-;-;-;-;-;-;-;-;-;-;-;-;-;-;-;-;-;-;-;-;-;-;-;-;-;-;-;-;-;-;-;-;-;-;-;-;-;-;-;-;-;-;-;-;-;-;-;-;-;-;-;-;-;-;-;-;-;-;-;-;-;-;-;-;-;-;-;-;-;-;-;-;-;-;-;-;-;-;-;-;-;-;-;-;-;-;-;-;-;-;-;-;-;-;-;-;-;-;-;-;-;-;-;-;-;-;-;-;-;-;-;-;-;-;-;-;-;-;-;-;-;-;-;-;-;-;-;-;-;-;-;-;-;-;-;-;-;-;-;-;-;-;-;-;-;-;-;-;-;-;-;-;-;-;-;-;-;-;-;-;-;-;-;-;-;-;-;-;-;-;-;-;-;-;-;-;-;-;-;-;-;-;-;-;-;-;-;-;-;-;-;-;-;-;-;-;-;-;-;-;-;-;-;-;-;-;-;-;-;-;-;-;-;-;-;-;-;-;-;-;-;-;-;-;-;-;-;-;-;-;-;-;-;-;-;-;-;-;-;-;-;-;-;-;-;-;-;-;-;-;-;-;-;-;-;-;-;-;-;-;-;-;-;-;-;-;-;-;-;-;-;-;-;-;-;-;-;-;-;-;-;-;-;-;-;-;-;-;-;-;-;-;-;-;-;-;-;-;-;-;-;-;-;-;-;-;-;-;-;-;-;-;-;-;-;-;-;-;-;-;-;-;-;-;-;-;-;-;-;-;-;-;-;-;-;-;-;-;-;-;-;-;-;-;-;-;-;-;-;-;-;-;-;-;-;-;-;-;-;-;-;-;-;-;-;-;-;-;-;-;-;-;-;-;-;-;-;-;-;-;-;-;-;-;-;-;-;-;-;-;-;-;-;-;-;-;-;-;-;-;-;-;-;-;-;-;-;-;-;-;-;-;-;-;-;-;-;-;-;-;-;-;-;-;-;-;-;-;-;-;-;-;-;-;-;-;-;-;-;-;-;-;-;-;-;-;-;-;-;-;-;-;-;-;-;-;-;-;-;-;-;-;-;-;-;-;-;-;-;-;-;-;-;-
1996;-;-;-;-;-;-;-;-;-;-;-;-;-;-;-;-;-;-;-;-;-;-;-;-;-;-;-;-;-;-;-;-;-;-;-;-;-;-;-;-;-;-;-;-;-;-;-;-;-;-;-;-;-;-;-;-;-;-;-;-;-;-;-;-;-;-;-;-;-;-;-;-;-;-;-;-;-;-;-;-;-;-;-;-;-;-;-;-;-;-;-;-;-;-;-;-;-;-;-;-;-;-;-;-;-;-;-;-;-;-;-;-;-;-;-;-;-;-;-;-;-;-;-;-;-;-;-;-;-;-;-;-;-;-;-;-;-;-;-;-;-;-;-;-;-;-;-;-;-;-;-;-;-;-;-;-;-;-;-;-;-;-;-;-;-;-;-;-;-;-;-;-;-;-;-;-;-;-;-;-;-;-;-;-;-;-;-;-;-;-;-;-;-;-;-;-;-;-;-;-;-;-;-;-;-;-;-;-;-;-;-;-;-;-;-;-;-;-;-;-;-;-;-;-;-;-;-;-;-;-;-;-;-;-;-;-;-;-;-;-;-;-;-;-;-;-;-;-;-;-;-;-;-;-;-;-;-;-;-;-;-;-;-;-;-;-;-;-;-;-;-;-;-;-;-;-;-;-;-;-;-;-;-;-;-;-;-;-;-;-;-;-;-;-;-;-;-;-;-;-;-;-;-;-;-;-;-;-;-;-;-;-;-;-;-;-;-;-;-;-;-;-;-;-;-;-;-;-;-;-;-;-;-;-;-;-;-;-;-;-;-;-;-;-;-;-;-;-;-;-;-;-;-;-;-;-;-;-;-;-;-;-;-;-;-;-;-;-;-;-;-;-;-;-;-;-;-;-;-;-;-;-;-;-;-;-;-;-;-;-;-;-;-;-;-;-;-;-;-;-;-;-;-;-;-;-;-;-;-;-;-;-;-;-;-;-;-;-;-;-;-;-;-;-;-;-;-;-;-;-;-;-;-;-;-;-;-;-;-;-;-;-;-;-;-;-;-;-;-;-;-;-;-;-;-;-;-;-;-;-;-;-;-;-;-;-;-;-;-;-;-;-;-;-;-;-;-;-;-;-;-;-;-;-;-;-;-;-;-;-;-;-;-;-;-;-;-;-;-;-;-;-;-;-;-;-;-;-;-;-;-;-;-;-;-;-;-;-;-;-;-;-;-;-;-;-;-;-;-;-;-;-;-;-;-;-;-;-;-;-;-;-;-;-;-;-;-;-;-;-;-;-;-;-;-;-;-;-;-;-;-;-;-;-;-;-;-;-;-;-;-;-;-;-;-;-;-;-;-;-;-;-;-;-;-;-;-;-;-;-;-;-;-;-;-;-;-;-;-;-;-;-;-;-;-;-;-;-;-;-;-;-;-;-;-;-;-;-;-;-;-;-;-;-;-;-;-;-;-;-;-;-;-;-;-;-;-;-;-;-;-;-;-;-;-;-;-;-;-;-;-;-;-;-;-;-;-;-;-;-;-;-;-;-;-;-;-;-;-;-;-;-;-;-;-;-;-;-;-;-;-;-;-;-;-;-;-;-;-;-;-;-;-;-;-;-;-;-;-;-;-;-;-;-;-;-;-;-;-;-;-;-;-;-;-;-;-;-;-;-;-;-;-;-;-;-;-;-;-;-;-;-;-;-;-;-;-;-;-;-;-;-;-;-;-;-;-;-;-;-;-;-;-;-;-;-;-;-;-;-;-;-;-;-;-;-;-;-;-;-;-;-;-;-;-;-;-;-;-;-;-;-;-;-;-;-;-;-;-;-;-;-;-;-;-;-;-;-;-;-;-;-;-;-;-;-;-;-;-;-;-;-;-;-;-;-;-;-;-;-;-;-;-;-;-;-;-;-;-;-;-;-;-;-;-;-;-;-;-;-;-;-;-;-;-;-;-;-;-;-;-;-;-;-;-;-;-;-;-;-;-;-;-;-;-;-;-;-;-;-;-;-;-;-;-;-;-;-;-;-;-;-;-;-;-;-;-;-;-;-;-;-;-;-;-;-;-;-;-;-;-;-;-;-;-;-;-;-;-;-;-;-;-;-;-;-;-;-;-;-;-;-;-;-;-;-;-;-;-;-;-;-;-;-;-;-;-;-;-;-;-;-;-;-;-;-;-;-;-;-;-;-;-;-;-;-;-;-;-;-;-;-;-;-;-;-;-;-;-;-;-;-;-;-;-;-;-;-;-;-;-;-;-;-;-;-;-;-;-;-;-;-;-;-;-;-;-;-;-;-;-;-;-;-;-;-;-;-;-;-;-;-;-;-;-;-;-;-;-;-;-;-;-;-;-;-;-;-;-;-;-;-;-;-;-;-;-;-;-;-;-;-;-;-;-;-;-;-;-;-;-;-;-;-;-;-;-;-;-;-;-;-;-;-;-;-;-;-;-;-;-;-;-;-;-;-;-;-;-;-;-;-;-;-;-;-;-;-;-;-;-;-;-;-;-;-;-;-;-;-;-;-;-;-;-;-;-;-;-;-;-;-;-;-;-;-;-;-;-;-;-;-;-;-;-;-;-;-;-;-;-;-;-;-;-;-;-;-;-;-;-;-;-;-;-;-;-;-;-;-;-;-;-;-;-;-;-;-;-;-;-;-;-;-;-;-;-;-;-;-;-;-;-;-;-;-;-;-;-;-;-;-;-;-;-;-;-;-;-;-;-;-;-;-;-;-;-;-;-;-;-;-;-;-;-;-;-;-;-;-;-;-;-;-;-;-;-;-;-;-;-;-;-;-
1997;-;-;-;-;-;-;-;-;-;-;-;-;-;-;-;-;-;-;-;-;-;-;-;-;-;-;-;-;-;-;-;-;-;-;-;-;-;-;-;-;-;-;-;-;-;-;-;-;-;-;-;-;-;-;-;-;-;-;-;-;-;-;-;-;-;-;-;-;-;-;-;-;-;-;-;-;-;-;-;-;-;-;-;-;-;-;-;-;-;-;-;-;-;-;-;-;-;-;-;-;-;-;-;-;-;-;-;-;-;-;-;-;-;-;-;-;-;-;-;-;-;-;-;-;-;-;-;-;-;-;-;-;-;-;-;-;-;-;-;-;-;-;-;-;-;-;-;-;-;-;-;-;-;-;-;-;-;-;-;-;-;-;-;-;-;-;-;-;-;-;-;-;-;-;-;-;-;-;-;-;-;-;-;-;-;-;-;-;-;-;-;-;-;-;-;-;-;-;-;-;-;-;-;-;-;-;-;-;-;-;-;-;-;-;-;-;-;-;-;-;-;-;-;-;-;-;-;-;-;-;-;-;-;-;-;-;-;-;-;-;-;-;-;-;-;-;-;-;-;-;-;-;-;-;-;-;-;-;-;-;-;-;-;-;-;-;-;-;-;-;-;-;-;-;-;-;-;-;-;-;-;-;-;-;-;-;-;-;-;-;-;-;-;-;-;-;-;-;-;-;-;-;-;-;-;-;-;-;-;-;-;-;-;-;-;-;-;-;-;-;-;-;-;-;-;-;-;-;-;-;-;-;-;-;-;-;-;-;-;-;-;-;-;-;-;-;-;-;-;-;-;-;-;-;-;-;-;-;-;-;-;-;-;-;-;-;-;-;-;-;-;-;-;-;-;-;-;-;-;-;-;-;-;-;-;-;-;-;-;-;-;-;-;-;-;-;-;-;-;-;-;-;-;-;-;-;-;-;-;-;-;-;-;-;-;-;-;-;-;-;-;-;-;-;-;-;-;-;-;-;-;-;-;-;-;-;-;-;-;-;-;-;-;-;-;-;-;-;-;-;-;-;-;-;-;-;-;-;-;-;-;-;-;-;-;-;-;-;-;-;-;-;-;-;-;-;-;-;-;-;-;-;-;-;-;-;-;-;-;-;-;-;-;-;-;-;-;-;-;-;-;-;-;-;-;-;-;-;-;-;-;-;-;-;-;-;-;-;-;-;-;-;-;-;-;-;-;-;-;-;-;-;-;-;-;-;-;-;-;-;-;-;-;-;-;-;-;-;-;-;-;-;-;-;-;-;-;-;-;-;-;-;-;-;-;-;-;-;-;-;-;-;-;-;-;-;-;-;-;-;-;-;-;-;-;-;-;-;-;-;-;-;-;-;-;-;-;-;-;-;-;-;-;-;-;-;-;-;-;-;-;-;-;-;-;-;-;-;-;-;-;-;-;-;-;-;-;-;-;-;-;-;-;-;-;-;-;-;-;-;-;-;-;-;-;-;-;-;-;-;-;-;-;-;-;-;-;-;-;-;-;-;-;-;-;-;-;-;-;-;-;-;-;-;-;-;-;-;-;-;-;-;-;-;-;-;-;-;-;-;-;-;-;-;-;-;-;-;-;-;-;-;-;-;-;-;-;-;-;-;-;-;-;-;-;-;-;-;-;-;-;-;-;-;-;-;-;-;-;-;-;-;-;-;-;-;-;-;-;-;-;-;-;-;-;-;-;-;-;-;-;-;-;-;-;-;-;-;-;-;-;-;-;-;-;-;-;-;-;-;-;-;-;-;-;-;-;-;-;-;-;-;-;-;-;-;-;-;-;-;-;-;-;-;-;-;-;-;-;-;-;-;-;-;-;-;-;-;-;-;-;-;-;-;-;-;-;-;-;-;-;-;-;-;-;-;-;-;-;-;-;-;-;-;-;-;-;-;-;-;-;-;-;-;-;-;-;-;-;-;-;-;-;-;-;-;-;-;-;-;-;-;-;-;-;-;-;-;-;-;-;-;-;-;-;-;-;-;-;-;-;-;-;-;-;-;-;-;-;-;-;-;-;-;-;-;-;-;-;-;-;-;-;-;-;-;-;-;-;-;-;-;-;-;-;-;-;-;-;-;-;-;-;-;-;-;-;-;-;-;-;-;-;-;-;-;-;-;-;-;-;-;-;-;-;-;-;-;-;-;-;-;-;-;-;-;-;-;-;-;-;-;-;-;-;-;-;-;-;-;-;-;-;-;-;-;-;-;-;-;-;-;-;-;-;-;-;-;-;-;-;-;-;-;-;-;-;-;-;-;-;-;-;-;-;-;-;-;-;-;-;-;-;-;-;-;-;-;-;-;-;-;-;-;-;-;-;-;-;-;-;-;-;-;-;-;-;-;-;-;-;-;-;-;-;-;-;-;-;-;-;-;-;-;-;-;-;-;-;-;-;-;-;-;-;-;-;-;-;-;-;-;-;-;-;-;-;-;-;-;-;-;-;-;-;-;-;-;-;-;-;-;-;-;-;-;-;-;-;-;-;-;-;-;-;-;-;-;-;-;-;-;-;-;-;-;-;-;-;-;-;-;-;-;-;-;-;-;-;-;-;-;-;-;-;-;-;-;-;-;-;-;-;-;-;-;-;-;-;-;-;-;-;-;-;-;-;-;-;-;-;-;-;-;-;-;-;-;-;-;-;-;-;-;-;-;-;-;-;-;-;-;-;-;-;-;-;-;-;-;-;-;-;-;-;-;-;-;-;-;-;-;-;-;-;-;-;-;-;-;-;-;-;-;-;-;-;-;-;-;-;-;-;-
1998;-;-;-;-;-;-;-;-;-;-;-;-;-;-;-;-;-;-;-;-;-;-;-;-;-;-;-;-;-;-;-;-;-;-;-;-;-;-;-;-;-;-;-;-;-;-;-;-;-;-;-;-;-;-;-;-;-;-;-;-;-;-;-;-;-;-;-;-;-;-;-;-;-;-;-;-;-;-;-;-;-;-;-;-;-;-;-;-;-;-;-;-;-;-;-;-;-;-;-;-;-;-;-;-;-;-;-;-;-;-;-;-;-;-;-;-;-;-;-;-;-;-;-;-;-;-;-;-;-;-;-;-;-;-;-;-;-;-;-;-;-;-;-;-;-;-;-;-;-;-;-;-;-;-;-;-;-;-;-;-;-;-;-;-;-;-;-;-;-;-;-;-;-;-;-;-;-;-;-;-;-;-;-;-;-;-;-;-;-;-;-;-;-;-;-;-;-;-;-;-;-;-;-;-;-;-;-;-;-;-;-;-;-;-;-;-;-;-;-;-;-;-;-;-;-;-;-;-;-;-;-;-;-;-;-;-;-;-;-;-;-;-;-;-;-;-;-;-;-;-;-;-;-;-;-;-;-;-;-;-;-;-;-;-;-;-;-;-;-;-;-;-;-;-;-;-;-;-;-;-;-;-;-;-;-;-;-;-;-;-;-;-;-;-;-;-;-;-;-;-;-;-;-;-;-;-;-;-;-;-;-;-;-;-;-;-;-;-;-;-;-;-;-;-;-;-;-;-;-;-;-;-;-;-;-;-;-;-;-;-;-;-;-;-;-;-;-;-;-;-;-;-;-;-;-;-;-;-;-;-;-;-;-;-;-;-;-;-;-;-;-;-;-;-;-;-;-;-;-;-;-;-;-;-;-;-;-;-;-;-;-;-;-;-;-;-;-;-;-;-;-;-;-;-;-;-;-;-;-;-;-;-;-;-;-;-;-;-;-;-;-;-;-;-;-;-;-;-;-;-;-;-;-;-;-;-;-;-;-;-;-;-;-;-;-;-;-;-;-;-;-;-;-;-;-;-;-;-;-;-;-;-;-;-;-;-;-;-;-;-;-;-;-;-;-;-;-;-;-;-;-;-;-;-;-;-;-;-;-;-;-;-;-;-;-;-;-;-;-;-;-;-;-;-;-;-;-;-;-;-;-;-;-;-;-;-;-;-;-;-;-;-;-;-;-;-;-;-;-;-;-;-;-;-;-;-;-;-;-;-;-;-;-;-;-;-;-;-;-;-;-;-;-;-;-;-;-;-;-;-;-;-;-;-;-;-;-;-;-;-;-;-;-;-;-;-;-;-;-;-;-;-;-;-;-;-;-;-;-;-;-;-;-;-;-;-;-;-;-;-;-;-;-;-;-;-;-;-;-;-;-;-;-;-;-;-;-;-;-;-;-;-;-;-;-;-;-;-;-;-;-;-;-;-;-;-;-;-;-;-;-;-;-;-;-;-;-;-;-;-;-;-;-;-;-;-;-;-;-;-;-;-;-;-;-;-;-;-;-;-;-;-;-;-;-;-;-;-;-;-;-;-;-;-;-;-;-;-;-;-;-;-;-;-;-;-;-;-;-;-;-;-;-;-;-;-;-;-;-;-;-;-;-;-;-;-;-;-;-;-;-;-;-;-;-;-;-;-;-;-;-;-;-;-;-;-;-;-;-;-;-;-;-;-;-;-;-;-;-;-;-;-;-;-;-;-;-;-;-;-;-;-;-;-;-;-;-;-;-;-;-;-;-;-;-;-;-;-;-;-;-;-;-;-;-;-;-;-;-;-;-;-;-;-;-;-;-;-;-;-;-;-;-;-;-;-;-;-;-;-;-;-;-;-;-;-;-;-;-;-;-;-;-;-;-;-;-;-;-;-;-;-;-;-;-;-;-;-;-;-;-;-;-;-;-;-;-;-;-;-;-;-;-;-;-;-;-;-;-;-;-;-;-;-;-;-;-;-;-;-;-;-;-;-;-;-;-;-;-;-;-;-;-;-;-;-;-;-;-;-;-;-;-;-;-;-;-;-;-;-;-;-;-;-;-;-;-;-;-;-;-;-;-;-;-;-;-;-;-;-;-;-;-;-;-;-;-;-;-;-;-;-;-;-;-;-;-;-;-;-;-;-;-;-;-;-;-;-;-;-;-;-;-;-;-;-;-;-;-;-;-;-;-;-;-;-;-;-;-;-;-;-;-;-;-;-;-;-;-;-;-;-;-;-;-;-;-;-;-;-;-;-;-;-;-;-;-;-;-;-;-;-;-;-;-;-;-;-;-;-;-;-;-;-;-;-;-;-;-;-;-;-;-;-;-;-;-;-;-;-;-;-;-;-;-;-;-;-;-;-;-;-;-;-;-;-;-;-;-;-;-;-;-;-;-;-;-;-;-;-;-;-;-;-;-;-;-;-;-;-;-;-;-;-;-;-;-;-;-;-;-;-;-;-;-;-;-;-;-;-;-;-;-;-;-;-;-;-;-;-;-;-;-;-;-;-;-;-;-;-;-;-;-;-;-;-;-;-;-;-;-;-;-;-;-;-;-;-;-;-;-;-;-;-;-;-;-;-;-;-;-;-;-;-;-;-;-;-;-;-;-;-;-;-;-;-;-;-;-;-;-;-;-;-;-;-;-;-;-;-;-;-;-;-;-;-;-;-;-;-;-;-;-;-;-;-;-;-;-;-;-;-;-;-;-;-;-;-;-;-;-;-;-;-;-;-;-;-;-;-;-;-;-;-;-;-;-;-;-;-;-;-;-;-
1999;-;-;-;-;-;-;-;-;-;-;-;-;-;-;-;-;-;-;-;-;-;-;-;-;-;-;-;-;-;-;-;-;-;-;-;-;-;-;-;-;-;-;-;-;-;-;-;-;-;-;-;-;-;-;-;-;-;-;-;-;-;-;-;-;-;-;-;-;-;-;-;-;-;-;-;-;-;-;-;-;-;-;-;-;-;-;-;-;-;-;-;-;-;-;-;-;-;-;-;-;-;-;-;-;-;-;-;-;-;-;-;-;-;-;-;-;-;-;-;-;-;-;-;-;-;-;-;-;-;-;-;-;-;-;-;-;-;-;-;-;-;-;-;-;-;-;-;-;-;-;-;-;-;-;-;-;-;-;-;-;-;-;-;-;-;-;-;-;-;-;-;-;-;-;-;-;-;-;-;-;-;-;-;-;-;-;-;-;-;-;-;-;-;-;-;-;-;-;-;-;-;-;-;-;-;-;-;-;-;-;-;-;-;-;-;-;-;-;-;-;-;-;-;-;-;-;-;-;-;-;-;-;-;-;-;-;-;-;-;-;-;-;-;-;-;-;-;-;-;-;-;-;-;-;-;-;-;-;-;-;-;-;-;-;-;-;-;-;-;-;-;-;-;-;-;-;-;-;-;-;-;-;-;-;-;-;-;-;-;-;-;-;-;-;-;-;-;-;-;-;-;-;-;-;-;-;-;-;-;-;-;-;-;-;-;-;-;-;-;-;-;-;-;-;-;-;-;-;-;-;-;-;-;-;-;-;-;-;-;-;-;-;-;-;-;-;-;-;-;-;-;-;-;-;-;-;-;-;-;-;-;-;-;-;-;-;-;-;-;-;-;-;-;-;-;-;-;-;-;-;-;-;-;-;-;-;-;-;-;-;-;-;-;-;-;-;-;-;-;-;-;-;-;-;-;-;-;-;-;-;-;-;-;-;-;-;-;-;-;-;-;-;-;-;-;-;-;-;-;-;-;-;-;-;-;-;-;-;-;-;-;-;-;-;-;-;-;-;-;-;-;-;-;-;-;-;-;-;-;-;-;-;-;-;-;-;-;-;-;-;-;-;-;-;-;-;-;-;-;-;-;-;-;-;-;-;-;-;-;-;-;-;-;-;-;-;-;-;-;-;-;-;-;-;-;-;-;-;-;-;-;-;-;-;-;-;-;-;-;-;-;-;-;-;-;-;-;-;-;-;-;-;-;-;-;-;-;-;-;-;-;-;-;-;-;-;-;-;-;-;-;-;-;-;-;-;-;-;-;-;-;-;-;-;-;-;-;-;-;-;-;-;-;-;-;-;-;-;-;-;-;-;-;-;-;-;-;-;-;-;-;-;-;-;-;-;-;-;-;-;-;-;-;-;-;-;-;-;-;-;-;-;-;-;-;-;-;-;-;-;-;-;-;-;-;-;-;-;-;-;-;-;-;-;-;-;-;-;-;-;-;-;-;-;-;-;-;-;-;-;-;-;-;-;-;-;-;-;-;-;-;-;-;-;-;-;-;-;-;-;-;-;-;-;-;-;-;-;-;-;-;-;-;-;-;-;-;-;-;-;-;-;-;-;-;-;-;-;-;-;-;-;-;-;-;-;-;-;-;-;-;-;-;-;-;-;-;-;-;-;-;-;-;-;-;-;-;-;-;-;-;-;-;-;-;-;-;-;-;-;-;-;-;-;-;-;-;-;-;-;-;-;-;-;-;-;-;-;-;-;-;-;-;-;-;-;-;-;-;-;-;-;-;-;-;-;-;-;-;-;-;-;-;-;-;-;-;-;-;-;-;-;-;-;-;-;-;-;-;-;-;-;-;-;-;-;-;-;-;-;-;-;-;-;-;-;-;-;-;-;-;-;-;-;-;-;-;-;-;-;-;-;-;-;-;-;-;-;-;-;-;-;-;-;-;-;-;-;-;-;-;-;-;-;-;-;-;-;-;-;-;-;-;-;-;-;-;-;-;-;-;-;-;-;-;-;-;-;-;-;-;-;-;-;-;-;-;-;-;-;-;-;-;-;-;-;-;-;-;-;-;-;-;-;-;-;-;-;-;-;-;-;-;-;-;-;-;-;-;-;-;-;-;-;-;-;-;-;-;-;-;-;-;-;-;-;-;-;-;-;-;-;-;-;-;-;-;-;-;-;-;-;-;-;-;-;-;-;-;-;-;-;-;-;-;-;-;-;-;-;-;-;-;-;-;-;-;-;-;-;-;-;-;-;-;-;-;-;-;-;-;-;-;-;-;-;-;-;-;-;-;-;-;-;-;-;-;-;-;-;-;-;-;-;-;-;-;-;-;-;-;-;-;-;-;-;-;-;-;-;-;-;-;-;-;-;-;-;-;-;-;-;-;-;-;-;-;-;-;-;-;-;-;-;-;-;-;-;-;-;-;-;-;-;-;-;-;-;-;-;-;-;-;-;-;-;-;-;-;-;-;-;-;-;-;-;-;-;-;-;-;-;-;-;-;-;-;-;-;-;-;-;-;-;-;-;-;-;-;-;-;-;-;-;-;-;-;-;-;-;-;-;-;-;-;-;-;-;-;-;-;-;-;-;-;-;-;-;-;-;-;-;-;-;-;-;-;-;-;-;-;-;-;-;-;-;-;-;-;-;-;-;-;-;-;-;-;-;-;-;-;-;-;-;-;-;-;-;-;-;-;-;-;-;-;-;-;-;-;-;-;-;-;-;-;-;-;-;-;-;-;-;-;-;-;-;-;-;-;-;-;-;-;-;-;-;-;-;-;-;-;-;-;-
2000;-;-;-;-;-;-;-;-;-;-;-;-;-;-;-;-;-;-;-;-;-;-;-;-;-;-;-;-;-;-;-;-;-;-;-;-;-;-;-;-;-;-;-;-;-;-;-;-;-;-;-;-;-;-;-;-;-;-;-;-;-;-;-;-;-;-;-;-;-;-;-;-;-;-;-;-;-;-;-;-;-;-;-;-;-;-;-;-;-;-;-;-;-;-;-;-;-;-;-;-;-;-;-;-;-;-;-;-;-;-;-;-;-;-;-;-;-;-;-;-;-;-;-;-;-;-;-;-;-;-;-;-;-;-;-;-;-;-;-;-;-;-;-;-;-;-;-;-;-;-;-;-;-;-;-;-;-;-;-;-;-;-;-;-;-;-;-;-;-;-;-;-;-;-;-;-;-;-;-;-;-;-;-;-;-;-;-;-;-;-;-;-;-;-;-;-;-;-;-;-;-;-;-;-;-;-;-;-;-;-;-;-;-;-;-;-;-;-;-;-;-;-;-;-;-;-;-;-;-;-;-;-;-;-;-;-;-;-;-;-;-;-;-;-;-;-;-;-;-;-;-;-;-;-;-;-;-;-;-;-;-;-;-;-;-;-;-;-;-;-;-;-;-;-;-;-;-;-;-;-;-;-;-;-;-;-;-;-;-;-;-;-;-;-;-;-;-;-;-;-;-;-;-;-;-;-;-;-;-;-;-;-;-;-;-;-;-;-;-;-;-;-;-;-;-;-;-;-;-;-;-;-;-;-;-;-;-;-;-;-;-;-;-;-;-;-;-;-;-;-;-;-;-;-;-;-;-;-;-;-;-;-;-;-;-;-;-;-;-;-;-;-;-;-;-;-;-;-;-;-;-;-;-;-;-;-;-;-;-;-;-;-;-;-;-;-;-;-;-;-;-;-;-;-;-;-;-;-;-;-;-;-;-;-;-;-;-;-;-;-;-;-;-;-;-;-;-;-;-;-;-;-;-;-;-;-;-;-;-;-;-;-;-;-;-;-;-;-;-;-;-;-;-;-;-;-;-;-;-;-;-;-;-;-;-;-;-;-;-;-;-;-;-;-;-;-;-;-;-;-;-;-;-;-;-;-;-;-;-;-;-;-;-;-;-;-;-;-;-;-;-;-;-;-;-;-;-;-;-;-;-;-;-;-;-;-;-;-;-;-;-;-;-;-;-;-;-;-;-;-;-;-;-;-;-;-;-;-;-;-;-;-;-;-;-;-;-;-;-;-;-;-;-;-;-;-;-;-;-;-;-;-;-;-;-;-;-;-;-;-;-;-;-;-;-;-;-;-;-;-;-;-;-;-;-;-;-;-;-;-;-;-;-;-;-;-;-;-;-;-;-;-;-;-;-;-;-;-;-;-;-;-;-;-;-;-;-;-;-;-;-;-;-;-;-;-;-;-;-;-;-;-;-;-;-;-;-;-;-;-;-;-;-;-;-;-;-;-;-;-;-;-;-;-;-;-;-;-;-;-;-;-;-;-;-;-;-;-;-;-;-;-;-;-;-;-;-;-;-;-;-;-;-;-;-;-;-;-;-;-;-;-;-;-;-;-;-;-;-;-;-;-;-;-;-;-;-;-;-;-;-;-;-;-;-;-;-;-;-;-;-;-;-;-;-;-;-;-;-;-;-;-;-;-;-;-;-;-;-;-;-;-;-;-;-;-;-;-;-;-;-;-;-;-;-;-;-;-;-;-;-;-;-;-;-;-;-;-;-;-;-;-;-;-;-;-;-;-;-;-;-;-;-;-;-;-;-;-;-;-;-;-;-;-;-;-;-;-;-;-;-;-;-;-;-;-;-;-;-;-;-;-;-;-;-;-;-;-;-;-;-;-;-;-;-;-;-;-;-;-;-;-;-;-;-;-;-;-;-;-;-;-;-;-;-;-;-;-;-;-;-;-;-;-;-;-;-;-;-;-;-;-;-;-;-;-;-;-;-;-;-;-;-;-;-;-;-;-;-;-;-;-;-;-;-;-;-;-;-;-;-;-;-;-;-;-;-;-;-;-;-;-;-;-;-;-;-;-;-;-;-;-;-;-;-;-;-;-;-;-;-;-;-;-;-;-;-;-;-;-;-;-;-;-;-;-;-;-;-;-;-;-;-;-;-;-;-;-;-;-;-;-;-;-;-;-;-;-;-;-;-;-;-;-;-;-;-;-;-;-;-;-;-;-;-;-;-;-;-;-;-;-;-;-;-;-;-;-;-;-;-;-;-;-;-;-;-;-;-;-;-;-;-;-;-;-;-;-;-;-;-;-;-;-;-;-;-;-;-;-;-;-;-;-;-;-;-;-;-;-;-;-;-;-;-;-;-;-;-;-;-;-;-;-;-;-;-;-;-;-;-;-;-;-;-;-;-;-;-;-;-;-;-;-;-;-;-;-;-;-;-;-;-;-;-;-;-;-;-;-;-;-;-;-;-;-;-;-;-;-;-;-;-;-;-;-;-;-;-;-;-;-;-;-;-;-;-;-;-;-;-;-;-;-;-;-;-;-;-;-;-;-;-;-;-;-;-;-;-;-;-;-;-;-;-;-;-;-;-;-;-;-;-;-;-;-;-;-;-;-;-;-;-;-;-;-;-;-;-;-;-;-;-;-;-;-;-;-;-;-;-;-;-;-;-;-;-;-;-;-;-;-;-;-;-;-;-;-;-;-;-;-;-;-;-;-;-;-;-;-;-;-;-;-;-;-;-;-;-;-;-;-;-;-;-;-;-;-;-;-;-;-;-;-
2001;-;-;-;-;-;-;-;-;-;-;-;-;-;-;-;-;-;-;-;-;-;-;-;-;-;-;-;-;-;-;-;-;-;-;-;-;-;-;-;-;-;-;-;-;-;-;-;-;-;-;-;-;-;-;-;-;-;-;-;-;-;-;-;-;-;-;-;-;-;-;-;-;-;-;-;-;-;-;-;-;-;-;-;-;-;-;-;-;-;-;-;-;-;-;-;-;-;-;-;-;-;-;-;-;-;-;-;-;-;-;-;-;-;-;-;-;-;-;-;-;-;-;-;-;-;-;-;-;-;-;-;-;-;-;-;-;-;-;-;-;-;-;-;-;-;-;-;-;-;-;-;-;-;-;-;-;-;-;-;-;-;-;-;-;-;-;-;-;-;-;-;-;-;-;-;-;-;-;-;-;-;-;-;-;-;-;-;-;-;-;-;-;-;-;-;-;-;-;-;-;-;-;-;-;-;-;-;-;-;-;-;-;-;-;-;-;-;-;-;-;-;-;-;-;-;-;-;-;-;-;-;-;-;-;-;-;-;-;-;-;-;-;-;-;-;-;-;-;-;-;-;-;-;-;-;-;-;-;-;-;-;-;-;-;-;-;-;-;-;-;-;-;-;-;-;-;-;-;-;-;-;-;-;-;-;-;-;-;-;-;-;-;-;-;-;-;-;-;-;-;-;-;-;-;-;-;-;-;-;-;-;-;-;-;-;-;-;-;-;-;-;-;-;-;-;-;-;-;-;-;-;-;-;-;-;-;-;-;-;-;-;-;-;-;-;-;-;-;-;-;-;-;-;-;-;-;-;-;-;-;-;-;-;-;-;-;-;-;-;-;-;-;-;-;-;-;-;-;-;-;-;-;-;-;-;-;-;-;-;-;-;-;-;-;-;-;-;-;-;-;-;-;-;-;-;-;-;-;-;-;-;-;-;-;-;-;-;-;-;-;-;-;-;-;-;-;-;-;-;-;-;-;-;-;-;-;-;-;-;-;-;-;-;-;-;-;-;-;-;-;-;-;-;-;-;-;-;-;-;-;-;-;-;-;-;-;-;-;-;-;-;-;-;-;-;-;-;-;-;-;-;-;-;-;-;-;-;-;-;-;-;-;-;-;-;-;-;-;-;-;-;-;-;-;-;-;-;-;-;-;-;-;-;-;-;-;-;-;-;-;-;-;-;-;-;-;-;-;-;-;-;-;-;-;-;-;-;-;-;-;-;-;-;-;-;-;-;-;-;-;-;-;-;-;-;-;-;-;-;-;-;-;-;-;-;-;-;-;-;-;-;-;-;-;-;-;-;-;-;-;-;-;-;-;-;-;-;-;-;-;-;-;-;-;-;-;-;-;-;-;-;-;-;-;-;-;-;-;-;-;-;-;-;-;-;-;-;-;-;-;-;-;-;-;-;-;-;-;-;-;-;-;-;-;-;-;-;-;-;-;-;-;-;-;-;-;-;-;-;-;-;-;-;-;-;-;-;-;-;-;-;-;-;-;-;-;-;-;-;-;-;-;-;-;-;-;-;-;-;-;-;-;-;-;-;-;-;-;-;-;-;-;-;-;-;-;-;-;-;-;-;-;-;-;-;-;-;-;-;-;-;-;-;-;-;-;-;-;-;-;-;-;-;-;-;-;-;-;-;-;-;-;-;-;-;-;-;-;-;-;-;-;-;-;-;-;-;-;-;-;-;-;-;-;-;-;-;-;-;-;-;-;-;-;-;-;-;-;-;-;-;-;-;-;-;-;-;-;-;-;-;-;-;-;-;-;-;-;-;-;-;-;-;-;-;-;-;-;-;-;-;-;-;-;-;-;-;-;-;-;-;-;-;-;-;-;-;-;-;-;-;-;-;-;-;-;-;-;-;-;-;-;-;-;-;-;-;-;-;-;-;-;-;-;-;-;-;-;-;-;-;-;-;-;-;-;-;-;-;-;-;-;-;-;-;-;-;-;-;-;-;-;-;-;-;-;-;-;-;-;-;-;-;-;-;-;-;-;-;-;-;-;-;-;-;-;-;-;-;-;-;-;-;-;-;-;-;-;-;-;-;-;-;-;-;-;-;-;-;-;-;-;-;-;-;-;-;-;-;-;-;-;-;-;-;-;-;-;-;-;-;-;-;-;-;-;-;-;-;-;-;-;-;-;-;-;-;-;-;-;-;-;-;-;-;-;-;-;-;-;-;-;-;-;-;-;-;-;-;-;-;-;-;-;-;-;-;-;-;-;-;-;-;-;-;-;-;-;-;-;-;-;-;-;-;-;-;-;-;-;-;-;-;-;-;-;-;-;-;-;-;-;-;-;-;-;-;-;-;-;-;-;-;-;-;-;-;-;-;-;-;-;-;-;-;-;-;-;-;-;-;-;-;-;-;-;-;-;-;-;-;-;-;-;-;-;-;-;-;-;-;-;-;-;-;-;-;-;-;-;-;-;-;-;-;-;-;-;-;-;-;-;-;-;-;-;-;-;-;-;-;-;-;-;-;-;-;-;-;-;-;-;-;-;-;-;-;-;-;-;-;-;-;-;-;-;-;-;-;-;-;-;-;-;-;-;-;-;-;-;-;-;-;-;-;-;-;-;-;-;-;-;-;-;-;-;-;-;-;-;-;-;-;-;-;-;-;-;-;-;-;-;-;-;-;-;-;-;-;-;-;-;-;-;-;-;-;-;-;-;-;-;-;-;-;-;-;-;-;-;-;-;-;-;-;-;-;-;-;-;-;-;-;-;-;-;-;-;-;-;-;-;-;-
2002;-;-;-;-;-;-;-;-;-;-;-;-;-;-;-;-;-;-;-;-;-;-;-;-;-;-;-;-;-;-;-;-;-;-;-;-;-;-;-;-;-;-;-;-;-;-;-;-;-;-;-;-;-;-;-;-;-;-;-;-;-;-;-;-;-;-;-;-;-;-;-;-;-;-;-;-;-;-;-;-;-;-;-;-;-;-;-;-;-;-;-;-;-;-;-;-;-;-;-;-;-;-;-;-;-;-;-;-;-;-;-;-;-;-;-;-;-;-;-;-;-;-;-;-;-;-;-;-;-;-;-;-;-;-;-;-;-;-;-;-;-;-;-;-;-;-;-;-;-;-;-;-;-;-;-;-;-;-;-;-;-;-;-;-;-;-;-;-;-;-;-;-;-;-;-;-;-;-;-;-;-;-;-;-;-;-;-;-;-;-;-;-;-;-;-;-;-;-;-;-;-;-;-;-;-;-;-;-;-;-;-;-;-;-;-;-;-;-;-;-;-;-;-;-;-;-;-;-;-;-;-;-;-;-;-;-;-;-;-;-;-;-;-;-;-;-;-;-;-;-;-;-;-;-;-;-;-;-;-;-;-;-;-;-;-;-;-;-;-;-;-;-;-;-;-;-;-;-;-;-;-;-;-;-;-;-;-;-;-;-;-;-;-;-;-;-;-;-;-;-;-;-;-;-;-;-;-;-;-;-;-;-;-;-;-;-;-;-;-;-;-;-;-;-;-;-;-;-;-;-;-;-;-;-;-;-;-;-;-;-;-;-;-;-;-;-;-;-;-;-;-;-;-;-;-;-;-;-;-;-;-;-;-;-;-;-;-;-;-;-;-;-;-;-;-;-;-;-;-;-;-;-;-;-;-;-;-;-;-;-;-;-;-;-;-;-;-;-;-;-;-;-;-;-;-;-;-;-;-;-;-;-;-;-;-;-;-;-;-;-;-;-;-;-;-;-;-;-;-;-;-;-;-;-;-;-;-;-;-;-;-;-;-;-;-;-;-;-;-;-;-;-;-;-;-;-;-;-;-;-;-;-;-;-;-;-;-;-;-;-;-;-;-;-;-;-;-;-;-;-;-;-;-;-;-;-;-;-;-;-;-;-;-;-;-;-;-;-;-;-;-;-;-;-;-;-;-;-;-;-;-;-;-;-;-;-;-;-;-;-;-;-;-;-;-;-;-;-;-;-;-;-;-;-;-;-;-;-;-;-;-;-;-;-;-;-;-;-;-;-;-;-;-;-;-;-;-;-;-;-;-;-;-;-;-;-;-;-;-;-;-;-;-;-;-;-;-;-;-;-;-;-;-;-;-;-;-;-;-;-;-;-;-;-;-;-;-;-;-;-;-;-;-;-;-;-;-;-;-;-;-;-;-;-;-;-;-;-;-;-;-;-;-;-;-;-;-;-;-;-;-;-;-;-;-;-;-;-;-;-;-;-;-;-;-;-;-;-;-;-;-;-;-;-;-;-;-;-;-;-;-;-;-;-;-;-;-;-;-;-;-;-;-;-;-;-;-;-;-;-;-;-;-;-;-;-;-;-;-;-;-;-;-;-;-;-;-;-;-;-;-;-;-;-;-;-;-;-;-;-;-;-;-;-;-;-;-;-;-;-;-;-;-;-;-;-;-;-;-;-;-;-;-;-;-;-;-;-;-;-;-;-;-;-;-;-;-;-;-;-;-;-;-;-;-;-;-;-;-;-;-;-;-;-;-;-;-;-;-;-;-;-;-;-;-;-;-;-;-;-;-;-;-;-;-;-;-;-;-;-;-;-;-;-;-;-;-;-;-;-;-;-;-;-;-;-;-;-;-;-;-;-;-;-;-;-;-;-;-;-;-;-;-;-;-;-;-;-;-;-;-;-;-;-;-;-;-;-;-;-;-;-;-;-;-;-;-;-;-;-;-;-;-;-;-;-;-;-;-;-;-;-;-;-;-;-;-;-;-;-;-;-;-;-;-;-;-;-;-;-;-;-;-;-;-;-;-;-;-;-;-;-;-;-;-;-;-;-;-;-;-;-;-;-;-;-;-;-;-;-;-;-;-;-;-;-;-;-;-;-;-;-;-;-;-;-;-;-;-;-;-;-;-;-;-;-;-;-;-;-;-;-;-;-;-;-;-;-;-;-;-;-;-;-;-;-;-;-;-;-;-;-;-;-;-;-;-;-;-;-;-;-;-;-;-;-;-;-;-;-;-;-;-;-;-;-;-;-;-;-;-;-;-;-;-;-;-;-;-;-;-;-;-;-;-;-;-;-;-;-;-;-;-;-;-;-;-;-;-;-;-;-;-;-;-;-;-;-;-;-;-;-;-;-;-;-;-;-;-;-;-;-;-;-;-;-;-;-;-;-;-;-;-;-;-;-;-;-;-;-;-;-;-;-;-;-;-;-;-;-;-;-;-;-;-;-;-;-;-;-;-;-;-;-;-;-;-;-;-;-;-;-;-;-;-;-;-;-;-;-;-;-;-;-;-;-;-;-;-;-;-;-;-;-;-;-;-;-;-;-;-;-;-;-;-;-;-;-;-;-;-;-;-;-;-;-;-;-;-;-;-;-;-;-;-;-;-;-;-;-;-;-;-;-;-;-;-;-;-;-;-;-;-;-;-;-;-;-;-;-;-;-;-;-;-;-;-;-;-;-;-;-;-;-;-;-;-;-;-;-;-;-;-;-;-;-;-;-;-;-;-;-;-;-;-;-;-;-;-;-;-;-;-;-;-;-;-;-;-;-;-;-;-;-
2003;-;-;-;-;-;-;-;-;-;-;-;-;-;-;-;-;-;-;-;-;-;-;-;-;-;-;-;-;-;-;-;-;-;-;-;-;-;-;-;-;-;-;-;-;-;-;-;-;-;-;-;-;-;-;-;-;-;-;-;-;-;-;-;-;-;-;-;-;-;-;-;-;-;-;-;-;-;-;-;-;-;-;-;-;-;-;-;-;-;-;-;-;-;-;-;-;-;-;-;-;-;-;-;-;-;-;-;-;-;-;-;-;-;-;-;-;-;-;-;-;-;-;-;-;-;-;-;-;-;-;-;-;-;-;-;-;-;-;-;-;-;-;-;-;-;-;-;-;-;-;-;-;-;-;-;-;-;-;-;-;-;-;-;-;-;-;-;-;-;-;-;-;-;-;-;-;-;-;-;-;-;-;-;-;-;-;-;-;-;-;-;-;-;-;-;-;-;-;-;-;-;-;-;-;-;-;-;-;-;-;-;-;-;-;-;-;-;-;-;-;-;-;-;-;-;-;-;-;-;-;-;-;-;-;-;-;-;-;-;-;-;-;-;-;-;-;-;-;-;-;-;-;-;-;-;-;-;-;-;-;-;-;-;-;-;-;-;-;-;-;-;-;-;-;-;-;-;-;-;-;-;-;-;-;-;-;-;-;-;-;-;-;-;-;-;-;-;-;-;-;-;-;-;-;-;-;-;-;-;-;-;-;-;-;-;-;-;-;-;-;-;-;-;-;-;-;-;-;-;-;-;-;-;-;-;-;-;-;-;-;-;-;-;-;-;-;-;-;-;-;-;-;-;-;-;-;-;-;-;-;-;-;-;-;-;-;-;-;-;-;-;-;-;-;-;-;-;-;-;-;-;-;-;-;-;-;-;-;-;-;-;-;-;-;-;-;-;-;-;-;-;-;-;-;-;-;-;-;-;-;-;-;-;-;-;-;-;-;-;-;-;-;-;-;-;-;-;-;-;-;-;-;-;-;-;-;-;-;-;-;-;-;-;-;-;-;-;-;-;-;-;-;-;-;-;-;-;-;-;-;-;-;-;-;-;-;-;-;-;-;-;-;-;-;-;-;-;-;-;-;-;-;-;-;-;-;-;-;-;-;-;-;-;-;-;-;-;-;-;-;-;-;-;-;-;-;-;-;-;-;-;-;-;-;-;-;-;-;-;-;-;-;-;-;-;-;-;-;-;-;-;-;-;-;-;-;-;-;-;-;-;-;-;-;-;-;-;-;-;-;-;-;-;-;-;-;-;-;-;-;-;-;-;-;-;-;-;-;-;-;-;-;-;-;-;-;-;-;-;-;-;-;-;-;-;-;-;-;-;-;-;-;-;-;-;-;-;-;-;-;-;-;-;-;-;-;-;-;-;-;-;-;-;-;-;-;-;-;-;-;-;-;-;-;-;-;-;-;-;-;-;-;-;-;-;-;-;-;-;-;-;-;-;-;-;-;-;-;-;-;-;-;-;-;-;-;-;-;-;-;-;-;-;-;-;-;-;-;-;-;-;-;-;-;-;-;-;-;-;-;-;-;-;-;-;-;-;-;-;-;-;-;-;-;-;-;-;-;-;-;-;-;-;-;-;-;-;-;-;-;-;-;-;-;-;-;-;-;-;-;-;-;-;-;-;-;-;-;-;-;-;-;-;-;-;-;-;-;-;-;-;-;-;-;-;-;-;-;-;-;-;-;-;-;-;-;-;-;-;-;-;-;-;-;-;-;-;-;-;-;-;-;-;-;-;-;-;-;-;-;-;-;-;-;-;-;-;-;-;-;-;-;-;-;-;-;-;-;-;-;-;-;-;-;-;-;-;-;-;-;-;-;-;-;-;-;-;-;-;-;-;-;-;-;-;-;-;-;-;-;-;-;-;-;-;-;-;-;-;-;-;-;-;-;-;-;-;-;-;-;-;-;-;-;-;-;-;-;-;-;-;-;-;-;-;-;-;-;-;-;-;-;-;-;-;-;-;-;-;-;-;-;-;-;-;-;-;-;-;-;-;-;-;-;-;-;-;-;-;-;-;-;-;-;-;-;-;-;-;-;-;-;-;-;-;-;-;-;-;-;-;-;-;-;-;-;-;-;-;-;-;-;-;-;-;-;-;-;-;-;-;-;-;-;-;-;-;-;-;-;-;-;-;-;-;-;-;-;-;-;-;-;-;-;-;-;-;-;-;-;-;-;-;-;-;-;-;-;-;-;-;-;-;-;-;-;-;-;-;-;-;-;-;-;-;-;-;-;-;-;-;-;-;-;-;-;-;-;-;-;-;-;-;-;-;-;-;-;-;-;-;-;-;-;-;-;-;-;-;-;-;-;-;-;-;-;-;-;-;-;-;-;-;-;-;-;-;-;-;-;-;-;-;-;-;-;-;-;-;-;-;-;-;-;-;-;-;-;-;-;-;-;-;-;-;-;-;-;-;-;-;-;-;-;-;-;-;-;-;-;-;-;-;-;-;-;-;-;-;-;-;-;-;-;-;-;-;-;-;-;-;-;-;-;-;-;-;-;-;-;-;-;-;-;-;-;-;-;-;-;-;-;-;-;-;-;-;-;-;-;-;-;-;-;-;-;-;-;-;-;-;-;-;-;-;-;-;-;-;-;-;-;-;-;-;-;-;-;-;-;-;-;-;-;-;-;-;-;-;-;-;-;-;-;-;-;-;-;-;-;-;-;-;-;-;-;-;-;-;-;-;-;-;-;-;-;-;-;-;-;-;-;-;-;-;-;-;-;-;-;-;-;-;-
2004;-;-;-;-;-;-;-;-;-;-;-;-;-;-;-;-;-;-;-;-;-;-;-;-;-;-;-;-;-;-;-;-;-;-;-;-;-;-;-;-;-;-;-;-;-;-;-;-;-;-;-;-;-;-;-;-;-;-;-;-;-;-;-;-;-;-;-;-;-;-;-;-;-;-;-;-;-;-;-;-;-;-;-;-;-;-;-;-;-;-;-;-;-;-;-;-;-;-;-;-;-;-;-;-;-;-;-;-;-;-;-;-;-;-;-;-;-;-;-;-;-;-;-;-;-;-;-;-;-;-;-;-;-;-;-;-;-;-;-;-;-;-;-;-;-;-;-;-;-;-;-;-;-;-;-;-;-;-;-;-;-;-;-;-;-;-;-;-;-;-;-;-;-;-;-;-;-;-;-;-;-;-;-;-;-;-;-;-;-;-;-;-;-;-;-;-;-;-;-;-;-;-;-;-;-;-;-;-;-;-;-;-;-;-;-;-;-;-;-;-;-;-;-;-;-;-;-;-;-;-;-;-;-;-;-;-;-;-;-;-;-;-;-;-;-;-;-;-;-;-;-;-;-;-;-;-;-;-;-;-;-;-;-;-;-;-;-;-;-;-;-;-;-;-;-;-;-;-;-;-;-;-;-;-;-;-;-;-;-;-;-;-;-;-;-;-;-;-;-;-;-;-;-;-;-;-;-;-;-;-;-;-;-;-;-;-;-;-;-;-;-;-;-;-;-;-;-;-;-;-;-;-;-;-;-;-;-;-;-;-;-;-;-;-;-;-;-;-;-;-;-;-;-;-;-;-;-;-;-;-;-;-;-;-;-;-;-;-;-;-;-;-;-;-;-;-;-;-;-;-;-;-;-;-;-;-;-;-;-;-;-;-;-;-;-;-;-;-;-;-;-;-;-;-;-;-;-;-;-;-;-;-;-;-;-;-;-;-;-;-;-;-;-;-;-;-;-;-;-;-;-;-;-;-;-;-;-;-;-;-;-;-;-;-;-;-;-;-;-;-;-;-;-;-;-;-;-;-;-;-;-;-;-;-;-;-;-;-;-;-;-;-;-;-;-;-;-;-;-;-;-;-;-;-;-;-;-;-;-;-;-;-;-;-;-;-;-;-;-;-;-;-;-;-;-;-;-;-;-;-;-;-;-;-;-;-;-;-;-;-;-;-;-;-;-;-;-;-;-;-;-;-;-;-;-;-;-;-;-;-;-;-;-;-;-;-;-;-;-;-;-;-;-;-;-;-;-;-;-;-;-;-;-;-;-;-;-;-;-;-;-;-;-;-;-;-;-;-;-;-;-;-;-;-;-;-;-;-;-;-;-;-;-;-;-;-;-;-;-;-;-;-;-;-;-;-;-;-;-;-;-;-;-;-;-;-;-;-;-;-;-;-;-;-;-;-;-;-;-;-;-;-;-;-;-;-;-;-;-;-;-;-;-;-;-;-;-;-;-;-;-;-;-;-;-;-;-;-;-;-;-;-;-;-;-;-;-;-;-;-;-;-;-;-;-;-;-;-;-;-;-;-;-;-;-;-;-;-;-;-;-;-;-;-;-;-;-;-;-;-;-;-;-;-;-;-;-;-;-;-;-;-;-;-;-;-;-;-;-;-;-;-;-;-;-;-;-;-;-;-;-;-;-;-;-;-;-;-;-;-;-;-;-;-;-;-;-;-;-;-;-;-;-;-;-;-;-;-;-;-;-;-;-;-;-;-;-;-;-;-;-;-;-;-;-;-;-;-;-;-;-;-;-;-;-;-;-;-;-;-;-;-;-;-;-;-;-;-;-;-;-;-;-;-;-;-;-;-;-;-;-;-;-;-;-;-;-;-;-;-;-;-;-;-;-;-;-;-;-;-;-;-;-;-;-;-;-;-;-;-;-;-;-;-;-;-;-;-;-;-;-;-;-;-;-;-;-;-;-;-;-;-;-;-;-;-;-;-;-;-;-;-;-;-;-;-;-;-;-;-;-;-;-;-;-;-;-;-;-;-;-;-;-;-;-;-;-;-;-;-;-;-;-;-;-;-;-;-;-;-;-;-;-;-;-;-;-;-;-;-;-;-;-;-;-;-;-;-;-;-;-;-;-;-;-;-;-;-;-;-;-;-;-;-;-;-;-;-;-;-;-;-;-;-;-;-;-;-;-;-;-;-;-;-;-;-;-;-;-;-;-;-;-;-;-;-;-;-;-;-;-;-;-;-;-;-;-;-;-;-;-;-;-;-;-;-;-;-;-;-;-;-;-;-;-;-;-;-;-;-;-;-;-;-;-;-;-;-;-;-;-;-;-;-;-;-;-;-;-;-;-;-;-;-;-;-;-;-;-;-;-;-;-;-;-;-;-;-;-;-;-;-;-;-;-;-;-;-;-;-;-;-;-;-;-;-;-;-;-;-;-;-;-;-;-;-;-;-;-;-;-;-;-;-;-;-;-;-;-;-;-;-;-;-;-;-;-;-;-;-;-;-;-;-;-;-;-;-;-;-;-;-;-;-;-;-;-;-;-;-;-;-;-;-;-;-;-;-;-;-;-;-;-;-;-;-;-;-;-;-;-;-;-;-;-;-;-;-;-;-;-;-;-;-;-;-;-;-;-;-;-;-;-;-;-;-;-;-;-;-;-;-;-;-;-;-;-;-;-;-;-;-;-;-;-;-;-;-;-;-;-;-;-;-;-;-;-;-;-;-;-;-;-;-;-;-;-;-;-;-;-;-;-;-;-;-;-;-;-;-;-;-;-;-
2005;-;-;-;-;-;-;-;-;-;-;-;-;-;-;-;-;-;-;-;-;-;-;-;-;-;-;-;-;-;-;-;-;-;-;-;-;-;-;-;-;-;-;-;-;-;-;-;-;-;-;-;-;-;-;-;-;-;-;-;-;-;-;-;-;-;-;-;-;-;-;-;-;-;-;-;-;-;-;-;-;-;-;-;-;-;-;-;-;-;-;-;-;-;-;-;-;-;-;-;-;-;-;-;-;-;-;-;-;-;-;-;-;-;-;-;-;-;-;-;-;-;-;-;-;-;-;-;-;-;-;-;-;-;-;-;-;-;-;-;-;-;-;-;-;-;-;-;-;-;-;-;-;-;-;-;-;-;-;-;-;-;-;-;-;-;-;-;-;-;-;-;-;-;-;-;-;-;-;-;-;-;-;-;-;-;-;-;-;-;-;-;-;-;-;-;-;-;-;-;-;-;-;-;-;-;-;-;-;-;-;-;-;-;-;-;-;-;-;-;-;-;-;-;-;-;-;-;-;-;-;-;-;-;-;-;-;-;-;-;-;-;-;-;-;-;-;-;-;-;-;-;-;-;-;-;-;-;-;-;-;-;-;-;-;-;-;-;-;-;-;-;-;-;-;-;-;-;-;-;-;-;-;-;-;-;-;-;-;-;-;-;-;-;-;-;-;-;-;-;-;-;-;-;-;-;-;-;-;-;-;-;-;-;-;-;-;-;-;-;-;-;-;-;-;-;-;-;-;-;-;-;-;-;-;-;-;-;-;-;-;-;-;-;-;-;-;-;-;-;-;-;-;-;-;-;-;-;-;-;-;-;-;-;-;-;-;-;-;-;-;-;-;-;-;-;-;-;-;-;-;-;-;-;-;-;-;-;-;-;-;-;-;-;-;-;-;-;-;-;-;-;-;-;-;-;-;-;-;-;-;-;-;-;-;-;-;-;-;-;-;-;-;-;-;-;-;-;-;-;-;-;-;-;-;-;-;-;-;-;-;-;-;-;-;-;-;-;-;-;-;-;-;-;-;-;-;-;-;-;-;-;-;-;-;-;-;-;-;-;-;-;-;-;-;-;-;-;-;-;-;-;-;-;-;-;-;-;-;-;-;-;-;-;-;-;-;-;-;-;-;-;-;-;-;-;-;-;-;-;-;-;-;-;-;-;-;-;-;-;-;-;-;-;-;-;-;-;-;-;-;-;-;-;-;-;-;-;-;-;-;-;-;-;-;-;-;-;-;-;-;-;-;-;-;-;-;-;-;-;-;-;-;-;-;-;-;-;-;-;-;-;-;-;-;-;-;-;-;-;-;-;-;-;-;-;-;-;-;-;-;-;-;-;-;-;-;-;-;-;-;-;-;-;-;-;-;-;-;-;-;-;-;-;-;-;-;-;-;-;-;-;-;-;-;-;-;-;-;-;-;-;-;-;-;-;-;-;-;-;-;-;-;-;-;-;-;-;-;-;-;-;-;-;-;-;-;-;-;-;-;-;-;-;-;-;-;-;-;-;-;-;-;-;-;-;-;-;-;-;-;-;-;-;-;-;-;-;-;-;-;-;-;-;-;-;-;-;-;-;-;-;-;-;-;-;-;-;-;-;-;-;-;-;-;-;-;-;-;-;-;-;-;-;-;-;-;-;-;-;-;-;-;-;-;-;-;-;-;-;-;-;-;-;-;-;-;-;-;-;-;-;-;-;-;-;-;-;-;-;-;-;-;-;-;-;-;-;-;-;-;-;-;-;-;-;-;-;-;-;-;-;-;-;-;-;-;-;-;-;-;-;-;-;-;-;-;-;-;-;-;-;-;-;-;-;-;-;-;-;-;-;-;-;-;-;-;-;-;-;-;-;-;-;-;-;-;-;-;-;-;-;-;-;-;-;-;-;-;-;-;-;-;-;-;-;-;-;-;-;-;-;-;-;-;-;-;-;-;-;-;-;-;-;-;-;-;-;-;-;-;-;-;-;-;-;-;-;-;-;-;-;-;-;-;-;-;-;-;-;-;-;-;-;-;-;-;-;-;-;-;-;-;-;-;-;-;-;-;-;-;-;-;-;-;-;-;-;-;-;-;-;-;-;-;-;-;-;-;-;-;-;-;-;-;-;-;-;-;-;-;-;-;-;-;-;-;-;-;-;-;-;-;-;-;-;-;-;-;-;-;-;-;-;-;-;-;-;-;-;-;-;-;-;-;-;-;-;-;-;-;-;-;-;-;-;-;-;-;-;-;-;-;-;-;-;-;-;-;-;-;-;-;-;-;-;-;-;-;-;-;-;-;-;-;-;-;-;-;-;-;-;-;-;-;-;-;-;-;-;-;-;-;-;-;-;-;-;-;-;-;-;-;-;-;-;-;-;-;-;-;-;-;-;-;-;-;-;-;-;-;-;-;-;-;-;-;-;-;-;-;-;-;-;-;-;-;-;-;-;-;-;-;-;-;-;-;-;-;-;-;-;-;-;-;-;-;-;-;-;-;-;-;-;-;-;-;-;-;-;-;-;-;-;-;-;-;-;-;-;-;-;-;-;-;-;-;-;-;-;-;-;-;-;-;-;-;-;-;-;-;-;-;-;-;-;-;-;-;-;-;-;-;-;-;-;-;-;-;-;-;-;-;-;-;-;-;-;-;-;-;-;-;-;-;-;-;-;-;-;-;-;-;-;-;-;-;-;-;-;-;-;-;-;-;-;-;-;-;-;-;-;-;-;-;-;-;-;-;-;-;-;-;-;-;-;-;-;-;-;-;-;-;-;-
2006;-;-;-;-;-;-;-;-;-;-;-;-;-;-;-;-;-;-;-;-;-;-;-;-;-;-;-;-;-;-;-;-;-;-;-;-;-;-;-;-;-;-;-;-;-;-;-;-;-;-;-;-;-;-;-;-;-;-;-;-;-;-;-;-;-;-;-;-;-;-;-;-;-;-;-;-;-;-;-;-;-;-;-;-;-;-;-;-;-;-;-;-;-;-;-;-;-;-;-;-;-;-;-;-;-;-;-;-;-;-;-;-;-;-;-;-;-;-;-;-;-;-;-;-;-;-;-;-;-;-;-;-;-;-;-;-;-;-;-;-;-;-;-;-;-;-;-;-;-;-;-;-;-;-;-;-;-;-;-;-;-;-;-;-;-;-;-;-;-;-;-;-;-;-;-;-;-;-;-;-;-;-;-;-;-;-;-;-;-;-;-;-;-;-;-;-;-;-;-;-;-;-;-;-;-;-;-;-;-;-;-;-;-;-;-;-;-;-;-;-;-;-;-;-;-;-;-;-;-;-;-;-;-;-;-;-;-;-;-;-;-;-;-;-;-;-;-;-;-;-;-;-;-;-;-;-;-;-;-;-;-;-;-;-;-;-;-;-;-;-;-;-;-;-;-;-;-;-;-;-;-;-;-;-;-;-;-;-;-;-;-;-;-;-;-;-;-;-;-;-;-;-;-;-;-;-;-;-;-;-;-;-;-;-;-;-;-;-;-;-;-;-;-;-;-;-;-;-;-;-;-;-;-;-;-;-;-;-;-;-;-;-;-;-;-;-;-;-;-;-;-;-;-;-;-;-;-;-;-;-;-;-;-;-;-;-;-;-;-;-;-;-;-;-;-;-;-;-;-;-;-;-;-;-;-;-;-;-;-;-;-;-;-;-;-;-;-;-;-;-;-;-;-;-;-;-;-;-;-;-;-;-;-;-;-;-;-;-;-;-;-;-;-;-;-;-;-;-;-;-;-;-;-;-;-;-;-;-;-;-;-;-;-;-;-;-;-;-;-;-;-;-;-;-;-;-;-;-;-;-;-;-;-;-;-;-;-;-;-;-;-;-;-;-;-;-;-;-;-;-;-;-;-;-;-;-;-;-;-;-;-;-;-;-;-;-;-;-;-;-;-;-;-;-;-;-;-;-;-;-;-;-;-;-;-;-;-;-;-;-;-;-;-;-;-;-;-;-;-;-;-;-;-;-;-;-;-;-;-;-;-;-;-;-;-;-;-;-;-;-;-;-;-;-;-;-;-;-;-;-;-;-;-;-;-;-;-;-;-;-;-;-;-;-;-;-;-;-;-;-;-;-;-;-;-;-;-;-;-;-;-;-;-;-;-;-;-;-;-;-;-;-;-;-;-;-;-;-;-;-;-;-;-;-;-;-;-;-;-;-;-;-;-;-;-;-;-;-;-;-;-;-;-;-;-;-;-;-;-;-;-;-;-;-;-;-;-;-;-;-;-;-;-;-;-;-;-;-;-;-;-;-;-;-;-;-;-;-;-;-;-;-;-;-;-;-;-;-;-;-;-;-;-;-;-;-;-;-;-;-;-;-;-;-;-;-;-;-;-;-;-;-;-;-;-;-;-;-;-;-;-;-;-;-;-;-;-;-;-;-;-;-;-;-;-;-;-;-;-;-;-;-;-;-;-;-;-;-;-;-;-;-;-;-;-;-;-;-;-;-;-;-;-;-;-;-;-;-;-;-;-;-;-;-;-;-;-;-;-;-;-;-;-;-;-;-;-;-;-;-;-;-;-;-;-;-;-;-;-;-;-;-;-;-;-;-;-;-;-;-;-;-;-;-;-;-;-;-;-;-;-;-;-;-;-;-;-;-;-;-;-;-;-;-;-;-;-;-;-;-;-;-;-;-;-;-;-;-;-;-;-;-;-;-;-;-;-;-;-;-;-;-;-;-;-;-;-;-;-;-;-;-;-;-;-;-;-;-;-;-;-;-;-;-;-;-;-;-;-;-;-;-;-;-;-;-;-;-;-;-;-;-;-;-;-;-;-;-;-;-;-;-;-;-;-;-;-;-;-;-;-;-;-;-;-;-;-;-;-;-;-;-;-;-;-;-;-;-;-;-;-;-;-;-;-;-;-;-;-;-;-;-;-;-;-;-;-;-;-;-;-;-;-;-;-;-;-;-;-;-;-;-;-;-;-;-;-;-;-;-;-;-;-;-;-;-;-;-;-;-;-;-;-;-;-;-;-;-;-;-;-;-;-;-;-;-;-;-;-;-;-;-;-;-;-;-;-;-;-;-;-;-;-;-;-;-;-;-;-;-;-;-;-;-;-;-;-;-;-;-;-;-;-;-;-;-;-;-;-;-;-;-;-;-;-;-;-;-;-;-;-;-;-;-;-;-;-;-;-;-;-;-;-;-;-;-;-;-;-;-;-;-;-;-;-;-;-;-;-;-;-;-;-;-;-;-;-;-;-;-;-;-;-;-;-;-;-;-;-;-;-;-;-;-;-;-;-;-;-;-;-;-;-;-;-;-;-;-;-;-;-;-;-;-;-;-;-;-;-;-;-;-;-;-;-;-;-;-;-;-;-;-;-;-;-;-;-;-;-;-;-;-;-;-;-;-;-;-;-;-;-;-;-;-;-;-;-;-;-;-;-;-;-;-;-;-;-;-;-;-;-;-;-;-;-;-;-;-;-;-;-;-;-;-;-;-;-;-;-;-;-;-;-;-;-;-;-;-;-;-;-;-;-;-;-;-;-;-;-;-;-;-;-;-
2007;623776;-;75126;717821;-;-;-;-;-;-;-;-;-;-;4;-;6986;-;-;-;26020;112247;-;-;-;-;-;-;3962290;2;-;-;-;-;-;-;-;4;-;4370;8488;874;-;-;245;9;1220579;216715;17388;5841;1345312;13343;1;-;361;12447;-;-;-;26131;-;-;24788;4383;-;83;790;11165;-;530;-;46619;-;-;53;-;2715;-;371;6789;103080;-;-;124208;15403;-;550;198639;-;14043;2046096;1054;-;-;9;-;24739;-;-;-;-;34;912;12477;-;1203;-;-;11;133;-;1654;1347;-;-;68322;21;4656;4619;3271;245;-;-;-;657;-;-;-;7152;-;65;420;76;53430;10072;-;-;-;-;-;-;-;-;-;14191;-;143677;621485;-;354;10717;3205;18913;-;-;-;-;160;-;4053;3430;8537;-;6492;-;-;243;2982;-;-;19;5474;869951;50;-;2251740;1046;770;261541;5208116;-;382284;-;2;-;3500;132296;60;3800;55647;-;-;-;4419;-;-;236979;1426;-;-;-;154833;-;-;-;-;24;-;-;-;710;310737;-;-;-;-;-;5553959;-;-;-;-;-;3081;810703;96;4472;-;5908;-;30372;270970;-;131;-;316;-;-;-;5886;3;-;689;-;-;-;2398;-;4908;41197;-;-;-;-;-;-;-;-;-;78;699;-;-;2341;990;18700;-;-;-;-;98;76;-;-;-;633;-;-;-;-;42701;-;3961;3441161;270;4914899;26878;62213;-;-;-;16;1218;-;-;1136949;1252742;421;-;-;-;4605;-;-;-;-;-;-;-;-;-;-;-;-;3464;231864;13408;156042;-;-;-;23334;-;2616;-;18894;992;2277;-;54788;-;293720;1137;7;1474;-;-;818;71871;1;2;983;14622;89;55;16532;25;10532;-;-;-;-;-;-;-;815;3935;5389;476;3;-;136;-;792;-;-;-;-;-;-;204926;3954262;51827;-;-;1326428;-;-;-;-;27;313;-;-;234485;26367;-;-;679;-;11;1628;-;4314;218;-;884;6833;154;941;36;2354;58060;19;39;-;-;-;-;13152;-;-;128;1563;1202;17;-;5925;-;16569;-;137;6458;-;5847;446;-;13402;6890;-;-;445;9588;-;6;34559;-;-;-;-;-;-;200;707868;-;61667;1088822;-;-;2100;-;874;13;74756;-;151;-;-;24;107;5;694322;-;110707;6430;-;8853;-;36449;-;3384;995351;19350;-;-;-;-;535;-;11881;112417;-;28818;8427;3994;845;-;-;-;244;-;660;820;541;16115;-;19928;-;-;-;303;-;-;-;-;-;18116;401;4768;18;231;-;-;-;-;-;-;5121;-;12376;26620;91;178;-;-;-;-;-;-;-;-;-;4246;3;-;5841;782;193832;-;41;2488;-;-;-;-;102;-;-;-;-;-;27535;2305585;8;25;-;-;-;-;3996;121400;25932;-;-;-;220;8;1072875;-;1213;13575;6528229;29803112;-;8442;10864;-;-;122518;106606;-;20333;-;-;9212;13769;172540;-;-;4425;0;-;3565;496;4048;898;-;1024;3571;2077;191821;-;122;-;-;-;20172;16915;888;468189;-;4;-;-;3400;6956;5903;553168;192;6518;-;3010;-;-;14;-;-;48413;-;1057;131;3598;232064;-;-;-;-;195;3214;-;-;-;493;-;-;385;24839;-;31525;3;3960;7606;35295;104567;-;-;-;-;69097;29763;87;2765;1361;-;135622;-;-;-;-;205;62;6578;-;-;26214;3;467;-;1266448;246;617;5843;-;1897;-;39498;-;-;-;7119;3137;1240;-;1073;660;-;-;-;-;-;-;3213;-;-;-;-;-;-;-;-;-;-;-;-;4499;-;-;4261;-;709026;-;-;-;-;-;-;-;-;4394;-;-;5134;-;-;-;2969;8168;-;-;-;-;-;-;736;20402;2474;185;8366;-;1084600;-;15776512;-;-;414;-;8;-;-;-;-;23;12967;1796;-;-;2851;-;-;-;-;-;-;-;-;-;-;-;52679;-;325493;-;-;-;-;-;-;-;-;-;21666;159106;-;-;-;-;-;-;-;-;-;-;-;-;-;-;415;624;8719;52;-;-;-;-;0;-;-;-;-;-;-;7163;415;-;3038;-;46325;-;-;21071;354;314820;-;-;-;638299;7183359;-;270;150470;5141356;19203420;-;1302445;-;8916;-;-;-;-;-;-;-;407082;2763224;-;-;2;13117;1;-;1073;-;204;-;121205;224962;7044;89383;2685;36863;-;1637;-;8918;333;-;-;-;-;2;7;1;-;-;-;-;-;-;136;542;13;-;272;9199;-;66;-;0;-;-;-;-;-;-;-;323;3030;821;-;92;-;104;-;-;-;-;-;-;-;-;-;-;-;-;-;-;0;19;-;3;-;9;-;-;-;-;-;26;838093;-;-;-;-;-;-;-;-;11;4;-;10;218;384;-;-;-;2142;847768;-;21975;-;-;-;240;15451;-;-;7862;-;-;-;-;9;-;-;-;-;-;419;-;-;2785;-;-;-;-;-;182543;53;72774;3508123;-;-;-;-;83;-;-;-;390;14;-;-;17;657;-;-;-;44031;4642;-;-;-;-;-;3932615;19156;-;-;-;-;-;55;-;-;-;-;-;625;4056;-;-;-;-;-;-;-;-;558;-;1965;373;-;-;-;-;-;-;-;-;-;-;1049;975;1659;-;-;-;-;-;-;1330274;-;-;-;-;-;-;-;349;-;-;-;5294;-;6;2578;1552;-;-;-;-;-;1157;456;-;11577;-;-;-;14927;-;372;-;-;-;-;9;-;-;-;-;-;-;-;-;-;-;-;-;1971;27378;2212420;364509;3987;408274;8740113;-;0;0;0;43519;-;-;81551;-;340;2782;426;27551;775025;-;2239;22953;328;-;2702;-;-;-;9761;-;12178;-;47;4963;0;0;387;7196;-;6563;0;-;-;-;-;-;-;-;7;-;6349;19160;-;558;1500;-;-;370;6096;2264;358;-;-;-;1462;7616;186;375;-;-;-;-;-;-;-;-;-;-;-;205580;6845698;-;-;-;129;-;-;-;-;-;-;3844;25363;-;-;-;-;-;-;-;-;-;-;-;-;-;-;31969;100146;20075;-
2008;755932;-;71417;743545;-;-;-;-;-;-;-;-;-;-;4;-;6321;-;-;-;29326;129046;-;-;-;-;-;-;4958313;2;-;-;-;-;-;-;-;0;-;3243;5973;399;-;-;86;2;1217662;213811;24061;5330;1738095;11904;1;0;361;11999;-;-;-;25320;-;-;34992;2670;-;218;763;10593;-;2762;-;48681;-;-;20;-;2663;-;313;3567;79941;-;-;124030;15343;-;424;181381;1521098;17644;2358835;1087;-;-;6;-;23962;0;-;-;-;54;866;8105;-;1394;-;-;13;156;-;1010;732;-;-;64876;47;6412;4496;5160;306;-;-;-;637;-;1202;1605;7835;-;168;441;50;52734;10057;-;-;-;-;-;-;-;-;-;13810;-;135815;605688;-;336;10717;2991;11940;-;-;-;643326;124;-;2753;5070;12828;-;4796;-;-;442;3398;-;-;7;6040;950029;49;-;2249621;999;904;291165;6387229;81;447971;-;2;-;4127;148725;135;2955;55159;-;-;-;3685;-;-;265985;930;2456830;-;-;149012;-;-;-;-;24;-;-;-;588;302496;-;-;-;-;-;8566205;-;-;-;-;-;2453;792874;106;5307;-;3578;-;30891;278381;-;115;-;1241;-;-;-;5883;2;31;1236;-;-;-;2586;-;4843;40343;-;-;-;-;-;-;-;-;-;80;772;-;-;4156;872;17697;-;-;-;-;95;70;-;72;914;599;853;545;-;-;41208;-;4251;3983143;267;5328490;27066;53609;-;-;-;32;1356;-;-;1527015;1252586;420;-;745;-;3948;-;-;-;-;-;-;-;-;-;-;-;-;2171;221105;13328;215659;-;-;-;19127;-;3202;-;17627;1067;2065;-;109231;-;523137;565;7;1564;-;-;874;79623;1;2;983;13989;87;19;17993;23;7813;-;-;-;-;-;-;-;827;2918;4896;406;3;-;117;-;8837;-;-;-;-;-;-;345765;6350423;47698;-;51037;2098262;-;-;-;-;27;317;-;-;269641;29067;-;-;3878;-;16;2215;-;2499;105;-;880;6321;98;588;35;2290;50357;17;33;-;-;-;-;12398;-;-;231;1765;1082;14;-;7758;-;35835;-;20;7497;-;5736;368;3;11751;4839;-;-;583;11084;-;4;53082;-;-;-;-;-;-;193;858645;-;110607;1784591;15942;-;2602;-;862;12;77590;-;140;-;-;24;105;4;777686;-;102361;6231;-;10593;-;25222;-;2403;1637941;14830;-;-;-;-;458;-;17804;136789;-;23046;7098;3340;734;-;-;-;14;-;847;1020;12;11607;-;22152;-;-;-;77;-;-;-;-;-;22254;11996;4597;18;223;-;-;-;-;-;-;4774;-;11350;25894;168;387;-;-;-;-;-;-;-;-;-;7167;0;-;8393;32504;195803;-;57;2447;-;-;-;-;25;-;-;-;-;-;27323;2687144;0;14;-;-;-;-;3385;104266;23280;-;-;-;414;8;1492929;-;3157;17238;9861466;47709070;-;7810;10025;-;-;178028;104827;-;20175;-;-;9186;40882;166974;-;-;4692;0;-;2991;478;4092;923;-;628;2369;2398;231677;-;119;-;57;-;23670;20592;606;462481;-;1;-;-;7204;6974;5187;553907;179;7939;-;2871;-;-;4;-;-;75618;-;1178;152;4566;316427;-;-;1733;-;440;11662;-;-;-;833;-;-;267;12473;-;27512;2;3494;3318;35260;104475;-;-;-;-;115805;29162;73;2991;1445;-;134977;1058421;-;-;-;302;0;5974;-;-;23635;3;786;-;1861468;280;712;6268;-;2006;-;24147;-;-;-;10851;2795;548;-;1188;640;-;2;-;-;-;-;2550;-;-;377;-;-;-;-;-;-;-;-;-;5705;-;-;5270;-;954297;-;-;-;-;-;-;-;-;2782;-;-;4626;-;-;-;2767;7721;-;-;-;-;-;-;696;20393;1552;196;7404;-;834351;-;11602025;-;-;498;-;9;-;-;-;-;24;16315;3306;-;-;3034;-;-;-;-;-;-;-;-;-;-;-;50847;-;315297;-;-;-;-;-;-;-;-;-;17632;146457;-;-;-;-;-;-;-;-;-;-;-;-;-;-;363;746;10161;39;-;-;-;-;0;-;-;-;-;-;-;9915;404;-;3219;-;63362;-;-;23050;375;370282;-;-;-;1262761;10174029;-;119;160105;8400350;31521654;-;1699606;-;14076;-;-;-;-;-;-;-;412009;2779738;-;-;0;9662;0;-;1333;-;6269;-;278541;222225;3177;77439;1911;29495;-;4988;-;8198;320;-;-;-;-;2;5;1;-;-;-;-;-;-;219;732;13;-;328;12986;-;63;-;0;-;-;-;-;-;-;-;339;2553;845;-;112;-;106;-;-;-;-;-;-;-;-;-;-;-;-;-;-;1;8;-;3;-;8;-;-;-;-;-;32;1133474;-;-;-;-;-;-;-;-;5;1;-;8;128;272;-;-;-;2454;1218470;-;18170;-;-;-;266;16958;-;-;7951;5;2;-;-;9;-;-;-;-;-;685;-;-;6743;-;-;-;-;5107;194207;38;75347;5056521;-;-;-;-;80;-;-;-;521;0;-;-;35;704;-;-;-;54106;4814;-;-;-;234;22376;4565600;18422;-;-;-;-;-;50;-;-;-;-;-;516;3223;-;-;-;-;-;-;-;-;691;-;1832;369;-;-;-;-;-;-;-;-;-;-;996;869;1502;-;-;-;-;-;-;1595696;-;-;-;-;-;-;-;323;-;-;-;6704;-;7;2611;1673;-;-;-;-;-;1089;438;-;12247;-;-;-;17451;-;257;-;-;-;-;4;-;-;-;-;-;-;-;-;-;-;-;-;1211;32757;4150834;338130;2739;659499;12040205;-;0;0;0;36836;128;9;96483;-;332;2779;391;27402;773176;-;0;22486;309;-;3006;-;-;-;9132;-;15183;-;48;5408;0;0;480;8589;-;5163;0;-;-;-;-;-;-;-;2;-;8610;20143;-;612;1601;-;-;376;6541;708;354;-;0;-;2192;13838;265;484;-;-;-;-;-;-;-;-;-;-;-;220862;9810999;-;-;-;113;-;-;-;-;-;-;2675;23011;-;-;-;-;-;7938;-;-;-;-;-;-;-;5080204;40844;92127;19644;-
2009;838094;-;64018;735398;-;-;-;-;-;-;-;-;-;-;4;-;5301;-;3538;104422;37401;154679;-;-;-;-;-;-;5686773;2;-;-;-;-;-;-;-;0;-;1571;3212;224;-;-;28;0;1213631;206514;40713;266;2498889;8471;0;0;359;7196;-;-;-;24571;-;-;43361;1660;-;214;650;7413;-;2818;725;47104;-;-;7;-;2570;-;286;3050;53601;-;-;124217;14045;-;314;155928;2567300;20292;2614704;1107;1222483;2816845;0;-;22788;0;-;-;-;52;791;2306;-;1575;-;-;13;147;-;2795;333;-;-;55168;278;8337;3446;8442;448;-;-;-;624;-;235;743;5827;3148;189;534;26;28702;8228;-;-;-;-;-;-;-;-;-;8892;-;97087;482304;-;270;9844;2336;3935;-;-;-;675825;101;-;177;5826;14872;-;3444;-;-;431;3174;-;-;2;5700;947422;16;-;2244666;870;1055;305510;7070562;73;519031;-;2;-;3535;172878;242;148;52889;-;-;-;2667;-;-;281464;332;2791100;-;-;145234;-;-;-;-;24;-;-;-;542;166151;-;-;-;-;-;10766217;-;-;-;-;-;2300;773269;117;6193;-;1038;-;12461;259360;-;34;-;1344;-;-;-;3486;0;31;1328;-;-;-;3005;-;4618;38820;-;-;-;-;-;-;-;-;-;80;787;-;-;6298;845;15252;3854;24471;605386;2710463;95;69;-;93;1303;586;869;515;-;6329;34068;-;4536;4047977;281;5338908;25013;592;-;-;579099;32;1210;-;49305;1983086;1251092;417;-;544;-;3035;-;-;-;-;-;13728;-;-;29350;-;-;-;1641;136749;6367;233489;-;-;-;12705;-;3519;-;14880;1067;2001;-;168090;10559;756223;226;7;1952;-;-;901;85645;0;1;970;10600;77;3;19937;0;0;-;-;-;-;-;-;-;857;1388;972;277;2;-;104;-;9865;-;-;-;-;-;-;455970;8991865;37865;-;60386;2678170;-;-;-;-;27;304;-;-;282486;28385;-;-;13602;-;17;3537;-;464;25;-;406;5418;1;46;35;2275;42379;0;0;13930;12480;-;-;11843;-;-;294;1617;1101;12;-;7847;-;40967;-;0;9034;-;5713;131;2;922;1183;-;-;1042;13613;-;4;60827;-;-;-;-;-;-;197;997473;-;123051;2309072;11640;-;2641;-;813;12;78119;-;138;-;-;24;108;4;1021735;-;38574;3468;679;11901;-;1582;-;472;2293920;8903;-;-;-;-;456;-;17793;133581;-;15566;4883;2652;513;-;-;-;0;-;1149;1274;12;7960;-;23351;-;-;-;49;-;-;-;-;-;27553;29701;4532;18;214;-;-;-;-;-;-;4302;-;8635;23782;183;489;-;-;-;-;-;-;-;-;-;9333;0;-;9483;83514;194878;-;66;2251;-;-;-;-;33;-;-;-;-;-;27920;2834773;0;4;-;-;-;-;2925;51604;13326;-;2759;82;459;9;2002042;-;3082;16385;12890026;59558880;-;4631;5250;-;-;274235;102468;-;19929;-;-;9144;132619;161449;-;-;4864;0;-;3068;486;5075;1158;-;447;1427;2853;282409;-;108;-;57;-;23509;20351;423;455321;-;0;-;-;9809;6972;3512;536854;264;8250;-;2745;-;-;0;-;-;108626;-;1268;165;6418;383049;-;-;239;-;580;13212;-;-;-;1002;1543;-;290;557;-;22705;2;2045;0;35233;101684;-;-;-;-;137581;27098;59;3139;1510;-;130677;1591462;-;-;-;357;0;2615;-;-;19936;3;836;-;2242035;276;749;6355;-;2099;-;9613;-;-;-;13728;1993;297;-;1604;621;-;0;-;-;-;-;1968;-;-;381;510;-;-;-;-;-;-;-;-;6706;-;-;6085;-;1198448;-;-;-;-;-;-;-;-;354;35;1801;2432;1127620;23;44152;631;6051;108504;883002;-;2166957;-;-;561;20339;545;208;6892;15006;268081;265169;3674512;-;-;503;-;10;-;-;-;-;31;18908;4684;728524;-;3249;14593;176683;34661;281705;-;-;1782;319;4544;368;-;36905;-;265749;160027;759039;802;-;-;16706;100;22229;-;8078;96526;27842;89856;41401;344961;2945247;16012037;-;947;12579;130;1367;-;7748;57453;226;718;10507;35;-;71825;-;-;0;-;-;57453;202201;21624;197129;12123;383;-;3337;-;70267;-;-;24728;387;385688;-;-;-;1746254;12583747;-;127;172738;11410017;43097206;-;1921966;-;15888;-;-;-;-;276243;4141768;-;376960;2557661;-;-;0;5713;0;-;1299;-;26586;-;401251;216911;0;59675;1395;22148;-;6339;-;6353;320;-;-;-;-;2;5;0;-;-;-;-;-;-;238;739;13;-;921;14151;-;74;-;0;-;-;-;-;-;-;-;329;1998;826;10;116;15;101;-;-;-;-;-;-;-;-;-;-;-;-;-;-;1;0;-;3;-;6;-;-;-;-;-;32;1495745;-;-;-;-;-;29;861;-;5;1;-;6;93;198;-;-;-;2655;1433617;-;14505;-;-;-;268;19938;-;402;22332;4;2;-;-;1;-;-;-;-;-;791;-;-;13013;-;-;-;-;9011;174777;23;81864;6594748;-;-;-;-;78;-;-;-;488;0;-;-;39;735;-;-;-;58333;4312;-;-;-;200;246;5060387;5497;-;-;-;-;-;46;-;-;-;-;-;440;2409;-;-;-;-;-;-;-;-;1141;-;1456;358;-;-;-;-;479;2154;718;-;2001;3830;869;892;1471;425;2492;-;-;-;-;1749318;-;-;-;-;-;-;-;255;-;-;-;7175;-;9;2685;1753;-;-;-;-;-;1068;433;-;13862;-;-;-;20567;-;84;-;-;-;-;1;-;-;-;-;-;-;-;-;-;-;-;-;559;46524;5663960;299924;526;919440;14912976;-;0;0;0;12081;128;9;107703;-;162;1138;351;22218;660227;-;0;22016;302;280;2958;-;-;-;6957;3485;16193;-;54;6072;0;0;513;8132;-;2686;0;-;-;-;-;-;-;-;0;-;9522;20573;-;668;1589;-;-;343;5987;431;297;-;21;-;3552;18216;337;565;-;-;-;-;-;-;-;-;-;-;-;246885;13352197;-;-;36;115;-;-;-;-;-;-;1813;20332;-;1524;-;-;-;7911;-;-;-;-;-;-;-;5317761;41034;59927;19507;-
2010;953085;-;51612;728275;-;-;-;-;-;-;-;-;-;-;4;-;5145;-;118673;104863;38219;207604;-;-;-;-;-;-;6842148;2;-;-;-;-;-;-;-;0;-;0;1945;35;-;-;28;0;1213042;203907;40681;262;2477068;1;0;0;187;5970;-;-;-;24543;-;-;54672;259;-;205;407;5145;-;2850;862;45911;-;-;3;39;2537;-;923;2562;41880;-;-;120333;13496;-;6;140914;3669435;24557;3040337;1179;1220581;2789513;0;-;21536;0;-;-;-;49;726;9;60;1640;-;-;16;149;-;5903;298;-;-;49597;1072;19560;1817;16066;3099;-;-;-;618;-;41;794;5112;3261;261;735;9;21426;5219;-;-;-;-;-;563;-;325;-;7313;415;80707;390259;-;255;8909;1352;2371;-;-;35616;687045;101;-;83;5907;17648;3176;2781;-;-;434;5962;-;-;2;5923;925449;27;-;2241231;947;1134;330560;7685974;59;584999;-;1;266;11847;195044;223;12;48753;-;-;-;2298;-;-;283063;93;3190561;-;-;139556;-;-;-;-;24;-;-;-;520;104299;-;-;13591;512928;-;12916714;-;-;1471;503;-;2072;759244;121;8758;-;107;-;12765;258563;-;32;1107;1451;-;-;-;1237;0;31;1376;-;-;-;3255;-;4375;37414;-;-;-;-;-;-;-;-;-;80;898;-;-;7628;759;13381;0;18337;603242;2672460;67;28;-;126;1230;585;1046;471;3011;6684;21930;-;4684;4371005;282;5528317;24092;0;-;-;550789;32;1209;-;50070;2353168;1239711;412;-;330;10;2555;-;-;-;-;-;14181;-;-;26256;-;-;-;1026;2346;4427;250722;-;-;-;28;-;3746;-;13823;1066;1988;-;199027;10505;896770;110;7;1948;-;-;948;92944;0;1;967;9043;69;3;24233;0;0;-;-;-;-;-;-;-;3207;1042;0;232;2;-;1;-;10118;8716;14670;374226;764696;-;-;595026;11693577;33703;-;67274;3250721;-;-;-;-;27;300;-;-;317706;33519;-;-;29396;-;24;6343;377560;327;3;-;74;5340;0;0;35;1030;35705;0;0;25839;20900;-;28433;11803;-;-;306;1454;1317;12;-;8041;-;48645;-;0;50545;-;5774;0;2;550;39;-;-;3429;32529;-;3;66086;-;-;266;-;-;-;300;1238209;-;162372;3049301;9071;-;2639;-;757;12;81317;-;133;-;-;24;109;4;1338133;-;14299;2130;706;12464;-;0;-;163;3317307;2712;-;-;-;-;0;-;17754;132215;-;10938;4348;2551;471;-;-;-;0;-;1331;1546;2;7059;-;28367;-;-;-;26;-;-;-;-;-;41368;53007;4520;18;212;-;-;-;-;-;-;4848;-;8392;23511;474;502;-;-;-;-;-;-;-;-;-;10420;0;664;9940;202581;194646;-;75;0;-;-;-;-;33;-;-;-;-;-;65122;3034214;0;0;-;-;-;-;2238;29641;8700;-;2744;156;543;10;3033430;-;3068;16287;16256839;71957677;-;3632;4128;-;-;360991;98184;-;19801;-;599;9135;340274;159107;-;-;6290;0;-;3185;505;6164;1226;11;407;1109;10014;390934;-;108;-;57;-;23502;20289;356;452130;-;0;-;-;14802;6953;3441;524720;281;9327;-;2660;1;-;0;-;-;219376;-;1375;184;7139;520116;-;-;0;-;824;17542;-;-;-;1130;2640;-;351;95;123;31729;2;1033;0;35180;100242;-;-;-;-;151895;26602;44;211345;80533;-;130329;2275065;2915;10171;-;408;0;0;4124;15700;17367;14;3573;-;2228461;276;759;6971;-;2679;-;4346;-;-;-;16225;1655;78;23;2582;620;0;0;-;-;-;-;1665;-;-;602;423;55;-;-;-;-;-;-;-;8788;-;208;7928;-;1592107;-;-;-;-;-;-;-;3008409;115;28;1196;1515;1402063;23;38228;464;3305;108071;876890;-;2632021;-;-;483;15611;402;364;24025;62041;0;1159317;0;-;-;662;-;37;-;-;-;-;42;23667;6384;817211;-;3693;14022;172514;30466;195565;-;-;1769;318;4512;363;-;35433;-;145679;159619;752381;791;980;-;16408;10;15288;-;6588;65574;27569;86365;40919;339847;3144070;16644073;-;933;11989;126;1334;-;7199;50814;108;692;9988;0;-;42825;-;-;0;39999;1122257;56471;189724;13394;98998;17670;391;24;3895;-;75846;-;1745075;26017;534;459259;-;-;-;2142519;15341073;1197;127;172577;14573543;58247634;-;1898970;-;15517;-;-;1694;325;353160;4770589;-;347786;2091252;-;-;0;4419;0;-;1293;-;27940;-;539295;214820;0;50531;1311;18544;-;6301;-;2325;318;-;-;-;-;2;6;1;-;-;-;-;-;-;238;738;13;-;1810;14146;32;77;-;0;-;-;-;-;-;-;-;335;2216;839;5;143;13;96;-;-;-;-;-;-;-;-;-;-;-;-;-;-;1;0;-;3;-;6;-;-;-;-;-;37;1896596;-;-;-;-;8;1;80;-;5;1;-;6;96;195;-;-;-;2652;1429384;-;14261;-;-;-;319;33946;-;399;46015;4;3;-;-;0;-;-;-;-;-;1329;-;-;41777;-;-;-;-;18040;188242;5;358057;8079204;-;-;-;-;50;-;-;-;864;0;-;-;43;806;-;-;-;71211;4948;-;-;-;165;181;5655189;2159;-;-;-;-;-;18;-;-;-;-;-;361;1360;-;-;-;-;-;-;-;-;1561;-;1438;357;-;-;-;-;405;1588;717;-;2001;3220;810;905;1516;424;2156;-;-;-;-;1930962;104927;13672;-;-;-;-;-;323;-;-;-;8920;-;9;2826;1819;-;-;-;-;-;1031;315;-;19056;-;-;-;31161;-;7;-;-;-;-;1;-;-;-;-;-;-;-;-;-;-;-;-;230;69354;8225080;218601;102;1237710;17629050;-;0;0;0;0;128;9;111062;-;19;170;346;14392;477136;-;0;21715;300;99;3082;-;-;-;6624;4779;17185;-;57;9341;0;0;598;4314;-;413;0;-;-;-;-;-;-;-;0;-;9321;21232;-;785;1812;-;-;322;5769;227;295;-;27;-;3922;19788;395;658;-;-;-;-;-;-;-;-;-;-;-;355767;17402520;-;-;36;64;-;-;-;-;-;-;516;2999;562;1522;-;-;31231;7890;-;-;-;-;-;-;-;5299575;40526;55905;19339;-
2011;1095915;-;48568;703733;-;-;580;-;-;-;-;-;-;-;3;-;5032;-;669539;104863;39031;282371;-;-;-;-;-;-;8380401;2;-;-;-;-;-;-;-;0;-;0;0;0;-;-;28;0;1211700;198426;40106;196;2458025;0;0;0;133;2940;-;-;-;23111;-;-;55295;124;-;396;303;2317;-;2868;848;42015;-;-;2;24;2447;-;1202;811;34008;-;-;110734;12283;-;6;115568;5138449;26132;3579377;1156;1189893;2672714;0;-;18457;0;-;-;-;49;723;0;58;1650;-;-;18;206;-;6449;114;-;-;36749;1137;20446;0;16066;3099;-;-;-;600;-;33;825;4298;3134;287;787;6;7977;141;-;-;-;-;-;570;-;342;-;7597;423;71344;321782;-;107;2789;418;959;-;-;39277;721700;100;-;61;6185;18892;3175;2117;-;-;398;5804;-;-;2;4795;887584;29;-;2236175;956;1158;367839;8363755;50;651995;-;2;264;17844;226955;223;0;38128;-;-;-;1889;-;-;275554;82;3648748;-;-;133034;-;-;-;-;24;-;-;-;371;74694;-;-;13590;500878;-;14234851;7681;34109;860;467;-;2038;736003;122;10772;-;0;-;12234;253752;-;32;1395;1526;-;-;-;1113;0;34;1746;-;-;7;3442;-;4220;34708;-;-;-;-;-;-;-;-;-;82;920;-;1;8836;674;9582;0;12594;552718;2540691;65;23;-;147;1317;585;1064;472;42;2927;637;4083;4734;4619228;261;5537508;23133;0;-;-;486862;32;1208;-;48634;2692835;1215398;393;-;278;5;1795;-;-;-;-;-;14410;-;-;21471;-;-;-;865;1228;3377;265319;6463;-;-;8;-;3889;-;12551;1065;1979;290;225796;10554;1146234;0;7;1943;-;-;1894;99613;0;1;967;8620;67;3;27374;0;0;-;-;-;-;-;-;-;10535;733;0;173;2;-;1;-;10118;5921;7467;441128;952709;-;-;692266;14235895;29461;-;72753;3846688;-;-;-;-;27;298;-;-;339928;37102;-;-;34264;-;37;14560;1097271;298;0;-;38;3768;0;0;35;149;21234;0;0;31642;25668;-;72512;10942;232;-;325;1427;1298;5;-;8745;-;50365;-;0;53231;-;5385;0;2;235;25;-;-;3774;34368;-;2;70210;-;-;280;-;-;-;348;1536178;-;214860;3789660;8675;-;2638;-;741;21134;76059;-;134;-;-;24;107;4;1747123;-;8172;982;722;12674;-;0;-;0;4497793;61;-;-;-;-;0;-;17746;129245;-;6639;8;1572;213;-;-;-;0;-;1439;1745;0;2142;-;30251;-;173;-;26;-;-;-;-;57900;559645;64276;4417;7;165;-;-;-;-;-;-;4691;-;7522;23379;481;504;-;-;-;-;-;-;-;-;-;10595;0;697;10712;355457;191401;-;163;0;-;-;-;-;34;-;-;-;-;-;85301;3231660;0;0;-;-;-;-;1724;5952;370;-;2735;174;571;10;4090867;-;2954;15916;19098145;81436129;-;2800;2548;-;-;379331;90480;-;18233;-;595;7761;409406;157946;-;-;6556;0;-;2815;477;7985;1532;0;209;573;12968;552115;-;107;-;57;-;23006;19726;341;439694;-;0;-;-;15379;6773;3414;500366;295;9670;-;2442;1;-;0;-;-;393329;-;1574;211;7581;693234;-;-;0;-;884;20474;-;-;-;1151;2698;-;353;62;122;32027;2;942;0;35151;97883;-;-;-;-;162727;25883;40;370825;134286;-;122877;3035426;3892;10380;-;410;0;0;3767;15473;9944;14;4346;-;2212555;270;771;7017;15;2431;-;1027;-;-;-;18107;1263;63;22;2524;620;0;0;-;-;-;-;1266;-;-;6408;542;102;-;-;-;-;-;-;-;8805;-;234;9612;-;1857158;-;-;-;-;-;-;-;3401383;64;11;181;0;1690234;22;30094;10;448;103119;846127;-;2981207;-;-;409;10117;329;549;27309;68028;0;1236962;0;-;-;666;-;104;-;-;-;-;42;25642;6931;1254333;-;3784;11523;162823;0;0;-;-;1662;318;3954;321;1351;32998;-;101625;154812;735580;776;977;-;15370;8;9143;-;5507;47631;23170;77101;32345;326569;3235557;16934171;-;912;11250;124;1312;-;6093;46119;63;674;9092;0;-;2209;-;1494;0;39461;1267006;43387;138425;1743;6786;21807;315;49;4326;-;76594;-;2050204;26461;560;476991;-;-;-;2459758;17232076;712;127;171994;18283012;72380273;-;1874713;-;15207;-;-;1661;325;333486;5084958;-;336708;2271156;-;681;0;2413;0;-;1293;-;29620;-;692960;213570;0;31297;1242;13667;-;7750;-;1651;318;-;-;-;-;2;7;1;-;-;-;-;-;-;238;738;13;-;2384;13988;37;83;-;0;-;-;-;-;-;94293;5513183;338;2083;781;5;146;17;97;-;-;-;-;-;-;-;-;-;-;-;-;-;-;1;0;-;3;-;6;-;-;-;-;-;43;2291945;-;-;-;-;4;0;0;-;5;1;-;6;94;197;-;-;-;2641;1423756;-;12855;-;-;-;319;35507;-;399;59766;3;4;-;-;0;37714;-;-;-;-;2973;-;-;44283;-;-;260634;-;20384;196344;3;377980;9960010;-;-;-;-;44;-;-;-;872;0;-;-;43;811;-;-;-;75161;5040;-;-;-;101;199;5593820;1625;-;-;-;-;-;0;-;-;-;-;-;248;581;-;-;-;-;-;-;-;-;1684;-;1362;335;-;-;-;-;6;24;18;-;20;75;882;889;1369;15;26;-;-;-;47883;2125267;113957;13144;-;-;-;-;-;208;228234;-;66;16733;-;11;2968;1854;-;-;-;-;-;1027;315;-;19663;-;-;-;32262;-;0;-;-;-;-;0;-;-;-;-;12;928;-;-;-;-;-;-;25;72781;11441324;170559;45;1651581;20981143;-;0;0;0;0;128;9;117160;-;12;124;345;12568;304499;-;0;21196;286;104;3630;-;-;-;6113;5971;18297;-;60;10879;0;0;674;3517;-;0;0;-;-;-;-;-;-;-;0;-;9074;21001;-;853;1886;-;-;319;5645;82;286;-;41;-;4266;21625;479;771;-;-;-;-;-;-;-;-;-;-;-;509817;22899251;-;-;30;67;-;-;-;-;-;-;24;80;556;1382;-;-;38032;7869;-;-;-;-;-;-;-;5280461;39906;48579;16748;-
2012;1584375;-;43116;643735;-;-;579;22;-;-;-;-;-;-;0;-;4749;-;1201843;104849;41913;393400;-;-;-;-;-;-;10477018;0;-;-;-;-;-;-;-;0;-;0;0;0;-;-;27;0;1207867;187104;39528;188;2401457;0;0;0;39;282;-;-;-;21894;-;-;55290;8;-;801;126;788;-;2892;847;37717;-;-;0;21;1935;-;1384;741;34149;-;-;86419;11339;-;1;80781;6810832;27788;3995635;824;1098867;2296939;0;-;13736;0;-;-;-;49;704;0;58;1656;-;-;18;206;-;6507;72;-;-;5575;1161;20733;0;17166;3187;-;-;-;596;-;7;943;4547;3497;298;889;3;8216;150;-;-;-;8207;-;534;-;314;8;6246;397;63419;266788;-;0;0;114;408;-;-;55209;762283;93;-;56;7834;21551;2415;953;-;-;416;5909;-;-;1;3473;861873;29;-;2222949;967;1161;454351;9694285;540;686082;-;2;258;23662;275118;223;0;24589;-;798;538;360;-;-;271942;73;4030634;-;-;110031;-;-;-;-;24;-;-;-;196;7276;-;-;13573;439019;-;15398304;7329;29116;616;171;-;1248;690834;117;10998;-;0;-;11819;253082;-;32;1517;1582;-;-;-;924;0;28;2033;-;-;7;3704;-;4148;33019;-;-;-;-;-;-;-;-;-;81;940;-;1;10851;550;8389;0;1526;403885;2158480;58;22;-;148;1368;387;1129;434;40;2841;31;4102;4818;4793639;378;5681824;21250;0;-;-;422369;32;1146;-;45724;3193034;1132452;392;-;273;2;1643;-;-;-;-;-;14641;-;-;7872;-;-;-;261;263;2474;292123;6411;-;-;5;-;3909;-;11913;1065;1971;293;244571;4138;1137902;0;7;1931;-;-;2420;111980;0;1;964;4557;63;7;31258;0;0;-;-;-;-;-;-;-;11454;0;0;64;2;-;0;-;10118;4722;6383;541199;1254074;-;-;736233;16648035;24977;-;84099;4322899;-;-;-;-;22;296;-;-;377535;45491;-;-;36928;-;39;14687;2299212;236;0;-;25;2783;0;0;35;140;7439;0;0;31830;25473;-;79960;4287;169;-;326;1368;1264;5;-;8704;-;51300;-;0;53539;-;2493;0;2;45;17;-;-;4556;39029;-;1;74698;-;-;357;-;404110;-;333;2015185;-;283593;4435853;7941;-;2631;-;729;130582;70723;-;120;-;-;5;22;4;2024007;-;6465;323;730;12727;-;0;-;0;5685700;39;-;-;-;-;0;-;17324;123044;11;2088;2;0;0;-;-;-;0;-;1492;1866;0;0;-;30145;-;160;-;26;-;-;-;-;68476;563587;67979;4206;7;161;-;-;-;-;-;-;4695;-;7152;23059;502;507;-;-;-;-;-;-;-;-;-;10897;0;689;11241;667834;186855;-;191;0;-;-;-;-;34;-;-;-;-;-;208770;3907892;0;0;-;-;-;-;1295;1824;193;-;1153;191;580;8;4908946;-;2700;15387;21516014;90886214;-;0;0;-;27593;386031;87170;-;16317;-;594;5819;452072;152799;-;-;6570;0;-;2389;405;12449;1733;0;114;219;26068;817254;-;101;-;30;-;22821;19205;245;429235;-;0;-;-;18299;6726;3363;476340;240;9315;0;2271;0;-;0;-;-;845366;-;1962;207;8182;935439;-;-;0;-;1008;21677;-;-;-;1145;2762;-;257;53;99;30569;2;844;0;35078;96594;-;-;-;-;170005;25144;9;437262;151903;-;111717;3713365;4103;10366;-;415;0;0;3473;15365;0;14;4425;14322;2191001;269;781;6876;15;1928;-;101;-;-;-;19040;105;60;22;2511;33;0;0;-;-;-;-;1167;-;-;7208;693;108;-;-;-;-;-;-;-;8802;-;232;8762;-;2359008;-;-;-;-;-;-;-;3614916;0;0;0;0;2153468;22;24295;0;0;76875;760403;-;2905581;1687;5724;305;4481;256;735;29291;68193;0;1256698;0;-;-;666;-;107;-;1445;-;-;42;28200;8156;2151983;-;4032;4659;130820;0;0;-;-;1181;281;1923;151;1139;28941;2300706;54645;141140;685252;626;970;-;14171;4;3687;-;2913;32462;20206;64618;12010;276574;3143482;16136477;-;859;9048;101;945;-;4504;35942;8;549;8739;0;-;0;-;1494;0;37395;1535752;10688;51607;0;0;29719;464;54;4384;-;76563;-;2040866;23749;408;465095;-;-;-;2641741;18724172;343;124;165331;22014816;85673843;-;1831328;-;15039;-;-;1536;325;243702;4766179;-;227133;2607143;0;628;0;866;0;-;1292;-;30776;-;903417;209812;0;0;1567;14414;-;8112;-;1649;130;-;-;-;-;3;8;1;-;-;-;-;-;-;238;736;13;-;2409;13988;37;84;-;0;-;-;-;-;-;100454;6143726;297;1719;737;3;141;14;69;-;-;-;-;-;-;-;-;-;-;-;-;-;-;1;0;-;2;-;0;-;-;-;-;-;43;2964733;-;-;-;-;2;0;0;-;5;1;-;6;94;187;-;-;-;2634;1413723;-;11573;-;-;-;318;35942;-;400;68419;2;4;-;-;0;44269;-;-;-;-;3200;-;-;44674;-;-;272681;-;21611;189982;0;384275;12012524;-;-;-;-;1;-;-;-;961;0;-;-;43;814;-;-;-;81568;5076;-;-;-;39;169;4903324;0;-;-;-;-;-;0;-;-;-;-;-;0;0;-;-;-;-;-;-;-;-;1834;205;1327;292;-;-;-;-;0;0;0;-;0;0;855;1210;1416;0;0;-;-;-;56470;2696810;138379;8950;-;-;-;-;-;191;262068;-;98;19692;-;12;3019;1823;-;-;-;-;-;942;291;21239;19817;-;-;-;32570;-;0;-;-;-;-;0;-;-;-;-;12;685;-;-;-;-;-;-;0;73893;14640146;131720;0;2287657;24699254;-;0;0;0;0;126;8;126172;-;6;96;136;8372;100396;-;0;20397;266;116;4012;-;-;-;4566;9417;19240;-;63;11140;0;0;709;3696;-;0;0;-;-;-;-;345;-;-;0;-;9295;21206;-;920;1946;-;-;318;5495;0;286;-;51;-;4674;22614;519;841;-;-;-;-;-;-;-;-;-;-;-;597034;28570017;-;-;31;88;-;-;-;-;-;-;0;0;555;1311;-;-;41661;7806;-;-;45;-;-;-;-;5246167;38271;39756;6781;-
2013;2391555;-;40886;610447;-;29872;483;22;-;-;-;-;-;-;0;-;4453;-;1867877;104849;44087;507526;-;-;-;-;-;-;12931123;0;-;-;-;-;-;-;-;0;-;0;0;0;-;-;25;0;1206052;180876;39242;125;2352450;0;0;0;5;81;-;-;-;20352;-;-;55264;0;-;1049;0;0;-;3178;873;35492;-;-;0;13;1469;-;1440;742;34911;-;-;72529;0;-;0;47867;8945600;30769;4558905;711;1036344;1987291;0;-;10066;0;-;-;-;49;642;0;58;1653;-;-;18;208;-;6717;55;-;-;5220;1170;20905;0;18602;3297;-;7007345;-;577;-;0;964;4465;3702;305;961;0;8324;148;-;-;-;7833;-;537;9;301;7;7253;398;53620;216258;-;0;0;9;93;-;-;60033;723054;93;69;3;9333;27193;1771;589;-;-;1514;6036;-;-;0;4352;847321;29;-;2168966;992;1165;509381;11003014;538;672599;-;2;256;26401;336499;222;0;22965;-;742;493;219;-;263;251672;77;4311318;-;-;109014;-;-;2;-;24;-;-;-;99;0;-;-;10341;302213;-;16625250;6678;20831;639;173;-;776;661259;118;11224;-;0;-;11487;246073;-;31;1702;1626;-;-;-;812;0;18;2289;-;-;7;3981;-;4132;31323;-;-;-;-;-;-;-;-;-;81;920;-;1;11820;405;7754;0;179;290077;1817984;58;21;-;149;1418;302;1087;458;40;2846;29;4112;4846;4925625;364;5824381;20884;0;-;-;363806;32;1140;-;37751;4063673;996753;334;-;261;2;1353;-;-;-;-;-;15494;-;-;0;-;-;-;0;0;1716;308836;6263;-;-;3;-;3960;-;11545;1065;1963;335;256946;740;1132487;0;7;1916;-;-;2751;122497;0;1;963;4046;61;7;32743;0;0;-;-;-;-;-;-;-;11492;0;0;0;2;-;0;-;10114;4604;7399;626849;1572453;-;-;772182;18947800;22770;-;106104;4781368;-;-;-;-;22;284;-;-;416524;49963;-;-;37423;-;39;15525;3419259;185;0;-;0;0;0;0;0;54;105;0;0;31825;25417;-;82041;2977;169;-;324;1314;1258;3;-;8637;1338;51626;-;0;54243;-;1926;0;2;11;16;-;-;5348;40551;-;1;78431;-;-;431;-;433154;-;350;2673891;-;460542;5133659;6197;-;2599;-;725;249027;65565;7;115;-;-;4;16;0;2358508;-;6282;0;857;13320;-;0;-;0;6909164;35;-;-;-;-;0;-;16922;120773;10;165;0;0;0;-;-;-;0;-;1443;1764;0;0;-;32276;-;138;-;26;-;-;-;-;71099;563131;69217;4174;7;147;-;-;-;-;-;-;4538;-;6968;22994;510;511;-;-;-;-;-;-;-;-;-;13260;0;668;12076;873122;185808;-;214;0;-;-;-;-;37;-;-;-;-;-;390123;4671748;0;0;-;-;-;-;933;990;183;-;624;267;696;7;6571949;-;2590;15288;24670073;100805092;-;0;0;-;27588;390043;86342;-;13221;-;586;4424;501528;151914;-;-;7123;0;-;2227;399;17052;2205;0;0;0;29157;1139115;-;99;-;26;-;22686;18887;231;415632;-;0;-;-;33386;6712;3324;467705;252;9097;0;2101;0;-;0;-;-;1318692;-;2120;211;9560;1193758;-;-;0;-;1067;22477;-;-;-;1158;2793;-;250;42;97;30137;2;729;0;34992;95139;-;-;-;-;179102;24588;2;441437;153208;-;102995;4170026;4184;10635;-;416;0;0;2989;14970;0;14;4425;14279;2164557;261;784;7949;15;1692;-;5;-;-;-;22331;38;5;22;2502;4;0;0;-;-;-;-;1128;-;-;7365;696;121;-;-;-;-;-;-;-;8784;-;229;8479;-;3117188;-;-;224556;-;-;-;-;3614911;0;0;0;0;2610235;21;22001;0;0;71875;663517;-;2832938;1449;4006;0;0;0;759;29837;68163;0;1260793;0;-;-;666;-;108;-;0;-;-;42;29300;8630;3174897;-;4073;3088;90160;0;0;-;-;469;102;491;26;444;24229;2215087;5094;135210;596926;342;968;-;13573;4;1617;-;0;0;14619;51082;8013;200082;3025347;14633090;-;660;8352;74;644;-;4336;32504;1;533;8187;0;-;0;-;1494;0;32369;1663600;8854;43596;0;0;67071;461;68;4390;-;75996;1974104;2031650;24422;1349;464034;-;-;-;2742440;20159755;280;121;163942;25257290;98184432;-;1790129;-;13606;-;-;1462;328;235737;4320819;-;235669;3823478;0;613;0;0;0;-;1291;-;31256;-;1216756;207184;0;0;1985;15817;-;8105;-;1643;33;-;-;-;-;3;8;1;-;-;-;-;-;-;238;735;13;-;2490;13856;35;183;-;0;-;-;-;-;-;117508;6871280;1202;3313;1363;18;496;35;303;-;-;-;-;-;-;-;-;-;-;-;-;-;-;1;0;-;2;-;0;-;-;-;-;-;39;3624626;-;-;-;-;2;0;0;-;5;1;-;6;93;184;-;-;-;2625;1406441;-;10166;-;-;-;317;36110;-;4;80092;2;4;-;-;0;56359;-;-;-;-;3286;-;-;45037;-;-;288701;-;22452;189627;0;405280;14322967;-;-;-;-;1;-;-;-;987;0;-;-;43;830;-;-;-;83047;5118;-;-;-;1;172;4627523;0;-;-;-;-;-;0;-;-;-;-;-;0;0;2;-;-;-;-;-;-;-;1979;192;1170;212;-;-;-;-;0;0;0;-;0;0;1379;1162;2403;0;0;-;-;-;60605;3559739;171116;7669;-;-;-;-;-;238;306957;-;104;20089;-;12;3264;1897;-;-;-;-;-;835;270;21497;19886;-;-;-;32652;-;0;-;-;-;-;0;-;-;-;-;12;538;-;-;-;-;-;-;0;73581;18311289;59596;0;3372099;29251015;-;0;0;0;0;126;8;127386;-;2;84;86;1348;4287;-;0;19930;214;169;5221;-;-;-;3568;9848;19973;-;65;11189;0;0;725;3712;-;0;0;-;-;-;-;337;-;-;0;-;9480;22539;-;1017;1929;-;-;296;5412;0;278;-;56;-;5101;23922;565;903;-;-;-;-;-;-;-;-;-;-;-;660784;34902456;-;-;33;88;-;-;-;-;-;-;0;0;520;1267;-;-;44286;7789;-;-;31;-;-;-;-;5216611;36561;31161;6620;-
